first_seen,posted,match,match_basis,sem,years,degrees_asked,creds,company,title,locations,areas,level,tracks,sources,url,id
2026-10-04,,30,description,0,3,Bachelor's; Master's,,WCG Clinical,Senior Data Analyst,US-Remote,Remote,Senior,Data and Analytics,careers,https://careers-wcgclinical.icims.com/jobs/2065/senior-data-analyst/job,a557977d7e54
2026-10-04,,71,description,40,3,,RHIA; RHIT; CCS; CDIP; CCDS,Waystar,Revenue Integrity Review Specialist,"United States, Remote",Remote,,Revenue Cycle,careers,https://waystar.wd1.myworkdayjobs.com/Waystar/job/United-States-Remote/Auditor--Revenue-Integrity-Auditing_R3119,2c93838a83b5
2026-10-04,,43,description,62,5,Bachelor's; Master's,RN,Waystar,Clinical Product Consultant - CDI,"United States, Remote",Remote,Senior,Clinical Documentation,careers,https://waystar.wd1.myworkdayjobs.com/Waystar/job/United-States-Remote/Clinical-Product-Consultant---CDI_R3253,8d51c2143c99
2026-10-04,,64,description,61,,,CRCR,VillageMD,"Analyst, Revenue Cycle Payor Knowledge",Remote - New Jersey,Remote,,Revenue Cycle; Data and Analytics,careers,https://shm.wd5.myworkdayjobs.com/Summit_CityMD/job/Remote---New-Jersey/Analyst--Revenue-Cycle-Payor-Knowledge_R44866,1dadd8c5c014
2026-10-04,,30,description,16,5,Bachelor's,,UK King's Daughters,EHR Analyst Senior,Remote-KY,Remote,Senior,Health Information; Data and Analytics,careers,https://univofky.wd108.myworkdayjobs.com/UKKD/job/Remote-KY/EHR-Analyst-Senior_R-000002373-1,e91a9ffb5385
2026-10-04,,66,description,42,3,,,TruBridge,Epic Resolute - PB Claims Biller,Remote - US,Remote,,Health Information; Revenue Cycle,careers,https://cpsi.wd1.myworkdayjobs.com/CPSI/job/Remote---US/Hospital-Billing-Specialist_JR102432,9d6d9343b74b
2026-10-04,,71,description,49,2,Bachelor's,CTR,St. Elizabeth Healthcare,Manager Cancer Registry,"Edgewood, Kentucky",Cincinnati area,Senior,Health Information,careers,https://stelizabeth.wd115.myworkdayjobs.com/StElizabethExternalCareerSite/job/Edgewood-Kentucky/Manager-Cancer-Registry_JR313196,b228aaa19055
2026-10-04,,70,description,45,5,Bachelor's; Master's,CCDS; RN,Solventum,CDI Outsourcing Manager - Remote (Solventum),"Remote - Florida; Remote - Kansas; Remote - Arizona; Remote - North Dakota; Remote - Oklahoma; Remote - Massachusetts; Remote - Maine; US, MD, Montgomery, Virtual; Remote - South Dakota; Remote - Michigan; Remote - Wisconsin; Remote - Iowa; Remote - Vermont; Remote - Nebraska; Remote - Wyoming; Remote - Connecticut; Remote - Utah; Remote - Oregon; Remote - Montana; Remote - Colorado; Remote - Mississippi; Remote - New Jersey; Remote - Idaho; Remote - Delaware; US, District of Columbia, District Of Columbia; Remote - New Mexico; Remote - New York; Remote - Nevada; Remote - Tennessee; Remote - Ohio; Remote - Washington; Remote - Pennsylvania; Remote - North Carolina; Remote - Minnesota; Remote - West Virginia; Remote - Missouri; Remote - New Hampshire; Remote - California; Remote - Arkansas; Remote - Maryland; Remote - Alabama; Remote - Louisiana; Remote - Indiana; Remote - South Carolina; Remote - Illinois; Remote - Texas; Remote - Virginia; Remote - Kentucky; Remote",Remote,Senior,Clinical Documentation,careers,https://healthcare.wd1.myworkdayjobs.com/Search/job/Remote---Florida/CDI-Outsourcing-Manager---Remote--Solventum-_R01132737,578736887218
2026-10-04,,75,description,45,5,Bachelor's,CCS; CDIP; CCDS,Solventum,Clinical Documentation Specialist (CDI),Remote-United States; Remote,Remote,,Clinical Documentation,careers,https://healthcare.wd1.myworkdayjobs.com/Search/job/Remote-United-States/Clinical-Documentation-Specialist--CDI-_R01132427-1,2f6492499db9
2026-10-04,,57,description,51,5,,RHIA; CCS; CCDS,Solventum,Outpatient CDI Outsourcing Supervisor,Remote - Michigan; Remote,Remote,Senior,Clinical Documentation,careers,https://healthcare.wd1.myworkdayjobs.com/Search/job/Remote---Michigan/Outpatient-CDI-Outsourcing-Supervisor_R01133287-1,055c867b8d0a
2026-10-04,,79,description,68,7,,RHIA; RHIT; CCS; CCDS,Solventum,CDI Solution Advisor (New Health Care Company),"US, Pennsylvania, PITTSBURGH; Remote-United States; Remote",Remote,,Clinical Documentation,careers,https://healthcare.wd1.myworkdayjobs.com/Search/job/US-Pennsylvania-PITTSBURGH/CDI-Solution-Advisor--New-Health-Care-Company-_R01132943,ef0f69e575cd
2026-10-04,,58,description,29,2,,,Sharecare,ROI Medical Records Specialist - Remote,Remote,Remote,,Health Information,careers,https://sharecare.wd1.myworkdayjobs.com/Sharecare_Careers/job/Remote/ROI-Medical-Records-Specialist---Remote_R-102053,92b7525aee0d
2026-10-04,,44,description,69,,Bachelor's,,Sharecare,Operations Manager - Medical Records Retrieval (Remote),Remote,Remote,Senior,Health Information,careers,https://sharecare.wd1.myworkdayjobs.com/Sharecare_Careers/job/Remote/Operations-Manager---Medical-Records-Retrieval--Remote-_R-102041,02deb0f0bdd8
2026-10-04,,66,description,64,3,,,Sharecare,Lead ROI Medical Records Specialist - Remote,Remote,Remote,Senior,Health Information,careers,https://sharecare.wd1.myworkdayjobs.com/Sharecare_Careers/job/Remote/Lead-ROI-Medical-Records-Specialist---Remote_R-101981,2c4f2b870683
2026-10-04,,67,description,70,2,,,Savista,"AR Specialist 2, Complex Clinical Denials",Remote - USA,Remote,,Revenue Cycle,careers,https://savista.wd1.myworkdayjobs.com/Savista/job/Remote---USA/AR-Specialist-2--Complex-Clinical-Denials_R5987,bfdeeb2d0b22
2026-10-04,,48,description,16,,,,R1 RCM,Complex Denials Consultant (Complex Claims),"Remote, USA",Remote,Senior,Revenue Cycle,careers,https://r1rcm.wd1.myworkdayjobs.com/R1RCM/job/Remote-USA/Complex-Denials-Consultant--Complex-Claims-_R260000002878,a4ca14ad59cd
2026-10-04,,44,description,41,2,Bachelor's,,Press Ganey,"Consultant, Medicare Stars & Regulatory Performance Improvement","Remote, TX; Remote, NY; Remote, CA; Remote, GA; Remote, IL",Remote,Senior,Clinical Research; Compliance and Quality,careers,https://pressganey.wd1.myworkdayjobs.com/Careers/job/Remote-TX/Consultant--Medicare-Stars---Regulatory-Performance-Improvement_R26_0000000495,579bfae59cf3
2026-10-04,,62,description,33,,,,OhioHealth,Project Mgr. Revenue Cycle Ops,WORK AT HOME - OHIO,Remote,,Revenue Cycle,careers,https://ohiohealth.wd5.myworkdayjobs.com/OhioHealthJobs/job/WORK-AT-HOME---OHIO/Project-Mgr-Revenue-Cycle-Ops_JR156347,77ad79280b1c
2026-10-04,,46,description,24,,Bachelor's,,OhioHealth,Senior Medicaid & Medicare Reimbursement Consultant,WORK AT HOME - OHIO,Remote,Senior,Revenue Cycle,careers,https://ohiohealth.wd5.myworkdayjobs.com/OhioHealthJobs/job/WORK-AT-HOME---OHIO/Senior-Medicaid---Medicare-Reimbursement-Consultant_JR157304,4272418ae2d1
2026-10-04,,57,description,28,,Bachelor's,,OhioHealth,Revenue Cycle Optimization Specialist,WORK AT HOME - OHIO,Remote,,Revenue Cycle,careers,https://ohiohealth.wd5.myworkdayjobs.com/OhioHealthJobs/job/WORK-AT-HOME---OHIO/Revenue-Cycle-Optimization-Specialist_JR157296-1,6c973035675c
2026-10-04,,55,description,69,1,,,OhioHealth,"Epic Systems Analyst - RTE, Cadence & Prelude",WORK AT HOME - OHIO,Remote,,Health Information; Data and Analytics,careers,https://ohiohealth.wd5.myworkdayjobs.com/OhioHealthJobs/job/WORK-AT-HOME---OHIO/Epic-Systems-Analyst---RTE--Cadence---Prelude_JR157428,c7f0c29db981
2026-10-04,,54,description,74,3,,,OhioHealth,Epic Senior Systems Analyst - SER,WORK AT HOME - OHIO,Remote,Senior,Health Information; Data and Analytics,careers,https://ohiohealth.wd5.myworkdayjobs.com/OhioHealthJobs/job/WORK-AT-HOME---OHIO/Epic-Senior-Systems-Analyst---SER_JR157427,c60346e9be38
2026-10-04,,59,description,74,3,,,OhioHealth,"Epic Senior Systems Analyst - OnBase, Solarity & HIM",WORK AT HOME - OHIO,Remote,Senior,Health Information; Data and Analytics,careers,https://ohiohealth.wd5.myworkdayjobs.com/OhioHealthJobs/job/WORK-AT-HOME---OHIO/Epic-Senior-Systems-Analyst---OnBase--Solarity---HIM_JR157429,eb0576dd6593
2026-10-04,,55,description,69,1,,,OhioHealth,Epic Systems Analyst - Willow Amb,WORK AT HOME - OHIO,Remote,,Health Information; Data and Analytics,careers,https://ohiohealth.wd5.myworkdayjobs.com/OhioHealthJobs/job/WORK-AT-HOME---OHIO/Epic-Systems-Analyst---Willow-Amb_JR155653,d2b1c94f08d5
2026-10-04,,54,description,79,3,,,OhioHealth,Epic Senior Systems Analyst - Willow IP,WORK AT HOME - OHIO,Remote,Senior,Health Information; Data and Analytics,careers,https://ohiohealth.wd5.myworkdayjobs.com/OhioHealthJobs/job/WORK-AT-HOME---OHIO/Epic-Senior-Systems-Analyst---Willow-IP_JR155438,60d19c7bafe5
2026-10-04,,54,description,79,3,,,OhioHealth,Epic Senior Systems Analyst - Ambulatory,WORK AT HOME - OHIO,Remote,Senior,Health Information; Data and Analytics,careers,https://ohiohealth.wd5.myworkdayjobs.com/OhioHealthJobs/job/WORK-AT-HOME---OHIO/Epic-Senior-Systems-Analyst---Ambulatory_JR156903-1,0afa91fdbfce
2026-10-04,,54,description,79,3,,,OhioHealth,Epic Senior Systems Analyst - Ambulatory/ Phoenix,WORK AT HOME - OHIO,Remote,Senior,Health Information; Data and Analytics,careers,https://ohiohealth.wd5.myworkdayjobs.com/OhioHealthJobs/job/WORK-AT-HOME---OHIO/Epic-Senior-Systems-Analyst---Phoenix-Ambulatory_JR155802,a87e932da5fe
2026-10-04,,57,description,79,3,,,OhioHealth,"Epic Senior Systems Analyst - Homecare Billing, Hospital Billing, Hospital Claims",WORK AT HOME - OHIO,Remote,Senior,Health Information; Revenue Cycle; Data and Analytics,careers,https://ohiohealth.wd5.myworkdayjobs.com/OhioHealthJobs/job/WORK-AT-HOME---OHIO/Epic-Senior-Systems-Analyst---Homecare-Billing--Hospital-Billing--Hospital-Claims_JR156069,92ef41b4e659
2026-10-04,,54,description,79,3,,,OhioHealth,"Epic Senior System Analyst - Sched/Reg (Grand Central, Prelude, Cadence, Welcome)",WORK AT HOME - OHIO,Remote,Senior,Health Information; Data and Analytics,careers,https://ohiohealth.wd5.myworkdayjobs.com/OhioHealthJobs/job/WORK-AT-HOME---OHIO/Epic-Senior-System-Analyst---Sched-Reg--Grand-Central--Prelude--Cadence--Welcome-_JR156066,858e74823c9b
2026-10-04,,55,description,63,1,,,OhioHealth,"Epic Systems Analyst - Sched/Reg (Grand Central, Prelude, Cadence, Welcome)",WORK AT HOME - OHIO,Remote,,Health Information; Data and Analytics,careers,https://ohiohealth.wd5.myworkdayjobs.com/OhioHealthJobs/job/WORK-AT-HOME---OHIO/Epic-Systems-Analyst---Sched-Reg--Grand-Central--Prelude--Cadence--Welcome-_JR156068,319084937c9d
2026-10-04,,55,description,70,1,,,OhioHealth,"Epic Systems Analyst - Link, Care Everywhere, Compass Rose",WORK AT HOME - OHIO,Remote,,Health Information; Data and Analytics,careers,https://ohiohealth.wd5.myworkdayjobs.com/OhioHealthJobs/job/WORK-AT-HOME---OHIO/Epic-Systems-Analyst---Link--Care-Everywhere--Compass-Rose_JR155760,449d4b23cb12
2026-10-04,,54,description,79,3,,,OhioHealth,Epic Senior Systems Analyst - Ambulatory,WORK AT HOME - OHIO,Remote,Senior,Health Information; Data and Analytics,careers,https://ohiohealth.wd5.myworkdayjobs.com/OhioHealthJobs/job/WORK-AT-HOME---OHIO/Epic-Senior-Systems-Analyst---Ambulatory_JR155142,32eaec196e5a
2026-10-04,,66,description,34,,,,OhioHealth,Project Manager – Revenue Cycle Vendor Management,WORK AT HOME - OHIO; BLOM ADMINISTRATIVE CAMPUS,Remote,,Revenue Cycle; Project and Program,careers,https://ohiohealth.wd5.myworkdayjobs.com/OhioHealthJobs/job/WORK-AT-HOME---OHIO/Project-Manager---Revenue-Cycle-Vendor-Management_JR152651,ee641a476d36
2026-10-04,,54,description,79,3,,,OhioHealth,Epic Senior Systems Analyst - Beacon/ Research,WORK AT HOME - OHIO,Remote,Senior,Health Information; Data and Analytics,careers,https://ohiohealth.wd5.myworkdayjobs.com/OhioHealthJobs/job/WORK-AT-HOME---OHIO/Epic-Senior-Systems-Analyst---Ambulatory_JR151466,a5aca360293d
2026-10-04,,50,description,65,1,,,Kettering Health,Patient Registration I - Patient Access,"Dayton, OH",Dayton area,Entry,Patient Services,careers,https://careers-ketteringhealth.icims.com/jobs/63188/patient-registration-i---patient-access/job,79f37f4933ae
2026-10-04,,50,description,65,1,,,Kettering Health,Patient Registration I - Patient Access,"Beavercreek, OH",Dayton area,Entry,Patient Services,careers,https://careers-ketteringhealth.icims.com/jobs/63002/patient-registration-i---patient-access/job,366ad340e1ef
2026-10-04,,50,description,64,1,,,Kettering Health,Patient Registration I - Patient Access,"Troy, OH",Dayton area,Entry,Patient Services,careers,https://careers-ketteringhealth.icims.com/jobs/62925/patient-registration-i---patient-access/job,5f48e2d9dbeb
2026-10-04,,18,description,,3,Bachelor's; Master's,,Kettering Health,Financial Analyst II - FINANCE,"Kettering Health Main Campus, OH; Kettering, OH",Dayton area,,Revenue Cycle; Data and Analytics,careers,https://careers-ketteringhealth.icims.com/jobs/62921/financial-analyst-ii---finance/job,0907e31268dd
2026-10-04,,30,description,13,3,Bachelor's; Master's,,Kettering Health,Decision Support Analyst II-Finance,"Miamisburg, OH",Dayton area,,Revenue Cycle; Data and Analytics,careers,https://careers-ketteringhealth.icims.com/jobs/62802/decision-support-analyst-ii-finance/job,38f60b1e3ba9
2026-10-04,,50,description,14,1,,,Kettering Health,Medical Scheduler I - Patient Access,"Kettering, OH",Dayton area,Entry,Patient Services,careers,https://careers-ketteringhealth.icims.com/jobs/62403/medical-scheduler-i---patient-access/job,c5b20317654a
2026-10-04,,12,description,,,,,Kettering Health,Medical Scheduler I - Patient Access,"Kettering, OH",Dayton area,Entry,Patient Services,careers,https://careers-ketteringhealth.icims.com/jobs/60719/medical-scheduler-i---patient-access/job,89a0b70fdf16
2026-10-04,,50,description,65,1,,,Kettering Health,Patient Registration I - Patient Access,"Huber Heights, OH",Dayton area,Entry,Patient Services,careers,https://careers-ketteringhealth.icims.com/jobs/60711/patient-registration-i---patient-access/job,d9c61da436a7
2026-10-04,,42,description,58,3,Bachelor's,,Kettering Health,Project Manager - OPER Excellence,"Miamisburg, OH",Dayton area,,Project and Program,careers,https://careers-ketteringhealth.icims.com/jobs/59172/project-manager---oper-excellence/job,e11fe627abbe
2026-10-04,,56,description,64,1,,CPC,Kettering Health,Patient Accounts Rep - PFS Hospital,Remote,Remote,,Patient Services,careers,https://careers-ketteringhealth.icims.com/jobs/59020/patient-accounts-rep---pfs-hospital/job,e941b55e543d
2026-10-04,,51,description,38,3,Bachelor's,,Kettering Health,Project Manager - Oper Excellence,"Miamisburg, OH",Dayton area,,Project and Program,careers,https://careers-ketteringhealth.icims.com/jobs/58987/project-manager---oper-excellence/job,41d7712caa4b
2026-10-04,,80,description,47,2,Bachelor's,RHIA; RHIT; CCS; CPC,Kettering Health,Rev Integrity Specialist - Charge Description Master,"Miamisburg, OH",Dayton area,,Revenue Cycle,careers,https://careers-ketteringhealth.icims.com/jobs/57381/rev-integrity-specialist---charge-description-master/job,bd600bcf537d
2026-10-04,,25,description,37,3,,,Kettering Health,Medical Education Program Coordinator - MEDICAL EDUCATION,"Kettering Health Dayton, OH; Dayton, OH",Dayton area,Entry,Project and Program,careers,https://careers-ketteringhealth.icims.com/jobs/56379/medical-education-program-coordinator---medical-education/job,b88a1671f99d
2026-10-04,,49,description,35,1,,,HealthEdge,Medicaid Claims Examiner II,US-Remote,Remote,,Revenue Cycle,careers,https://careers-healthedge.icims.com/jobs/8488/medicaid-claims-examiner-ii/job,9739c6c45d6a
2026-10-04,,37,description,33,3,,,HealthEdge,Claims Quality Auditor,US-Remote,Remote,,Revenue Cycle; Compliance and Quality,careers,https://careers-healthedge.icims.com/jobs/8330/claims-quality-auditor/job,77474222927c
2026-10-04,,54,description,56,5,Bachelor's,,HealthEdge,"Compliance Manager, Governance and Enablement",US-Remote,Remote,Senior,Compliance and Quality,careers,https://careers-healthedge.icims.com/jobs/8184/compliance-manager%2c-governance-and-enablement/job,8f13e7a5a77e
2026-10-04,,19,description,57,10,,,HealthEdge,Business Analyst,US-Remote,Remote,,Data and Analytics,careers,https://careers-healthedge.icims.com/jobs/7947/business-analyst/job,01eee8ac4631
2026-10-04,,22,description,58,,,,HealthEdge,Healthcare Operations Strategy Consultant,US-Remote,Remote,Senior,,careers,https://careers-healthedge.icims.com/jobs/7668/healthcare-operations-strategy-consultant/job,8e4005f1b982
2026-10-04,,41,description,15,8,,,Health Catalyst,Contract Analyst,US Remote,Remote,,Revenue Cycle; Data and Analytics,careers,https://healthcatalyst.wd5.myworkdayjobs.com/healthcatalystcareers/job/US-Remote/Contract-Analyst_REQ-3287,4f708da9fb90
2026-10-04,,37,description,22,3,,,Health Care Service Corporation,Sr Claims Analyst - LHB,Work From Home (HB); Remote,Remote,Senior,Revenue Cycle; Data and Analytics,careers,https://hcsc.wd1.myworkdayjobs.com/HCSC_External/job/Work-From-Home-HB/Sr-Claims-Analyst---LHB_R0055023,5589c0e229bf
2026-10-04,,62,description,53,3,Bachelor's,,Guidehouse,"Healthcare Financial Transformation, Senior Consultant - Back-End Revenue Cycle",US - Remote (Any location),Remote,Senior,Revenue Cycle,careers,https://guidehouse.wd1.myworkdayjobs.com/External/job/US---Remote-Any-location/Healthcare-Financial-Transformation--Senior-Consultant-----Back-End-Revenue-Cycle_36180,85ac9fbeb39d
2026-10-04,,60,description,76,2,Bachelor's,,Guidehouse,Consultant II - Epic/Meditech Revenue Cycle - Healthcare Technology,US - Remote (Any location),Remote,Senior,Health Information; Revenue Cycle,careers,https://guidehouse.wd1.myworkdayjobs.com/External/job/US---Remote-Any-location/Consultant-II---Epic-Meditech-Revenue-Cycle---Healthcare-Technology_40995,e99c3bc4f461
2026-10-04,,60,description,55,3,Bachelor's,,GE HealthCare,"Field Reimbursement Manager, Market Access - Mid-Atlantic Region",Remote; Remote; Remote,Remote,Senior,Revenue Cycle,careers,https://gehc.wd5.myworkdayjobs.com/GEHC_ExternalSite/job/Remote/Field-Reimbursement-Manager--Market-Access---Mid-Atlantic-Region_R4045258-1,f212ef66d71f
2026-10-04,,80,description,91,5,Bachelor's,CCS; CPC,GE HealthCare,"Senior Manager, Market Access & Reimbursement",Waukesha; Remote; Remote; Remote; Remote; Remote; Remote; Remote; Remote; Remote; Remote; Remote; Remote; Remote; Remote; Remote; Remote,Remote,Senior,Revenue Cycle,careers,https://gehc.wd5.myworkdayjobs.com/GEHC_ExternalSite/job/Waukesha/Senior-Manager--Market-Access---Reimbursement_R4042417-2,fd27d06672dd
2026-10-04,,80,description,20,,,,Ensemble Health Partners,Revenue Integrity Analyst,Remote - Nationwide,Remote,,Revenue Cycle; Data and Analytics,careers,https://ensemblehp.wd5.myworkdayjobs.com/ensemblehealthpartnerscareers/job/Remote---Nationwide/Revenue-Integrity-Analyst_R050708,a4629f0d4188
2026-10-04,,57,description,41,2,,CRCR,Ensemble Health Partners,Senior Patient Access Specialist,"Cincinnati, OH; Mercy - The Jewish Hospital",Cincinnati area,Senior,Patient Services,careers,https://ensemblehp.wd5.myworkdayjobs.com/ensemblehealthpartnerscareers/job/Cincinnati-OH/Senior-Patient-Access-Specialist_R047557,11b332115aec
2026-10-04,,54,description,43,2,,CRCR,Ensemble Health Partners,Senior Patient Access Specialist -3rd Shift,"Fairfield, OH; Mercy - Fairfield Hospital",Cincinnati area,Senior,Patient Services,careers,https://ensemblehp.wd5.myworkdayjobs.com/ensemblehealthpartnerscareers/job/Fairfield-OH/Senior-Patient-Access-Specialist--3rd-Shift_R049589,b16d15e005f3
2026-10-04,,43,description,40,1,,CRCR,Ensemble Health Partners,Patient Access Associate Specialist,"Cincinnati, OH; Mercy - The Jewish Hospital",Cincinnati area,Entry,Patient Services,careers,https://ensemblehp.wd5.myworkdayjobs.com/ensemblehealthpartnerscareers/job/Cincinnati-OH/Patient-Access-Associate-Specialist_R049267,65944637a5f1
2026-10-04,,43,description,39,1,,CRCR,Ensemble Health Partners,Patient Access Associate Specialist,"Cincinnati, OH; Mercy - The Jewish Hospital",Cincinnati area,Entry,Patient Services,careers,https://ensemblehp.wd5.myworkdayjobs.com/ensemblehealthpartnerscareers/job/Cincinnati-OH/Patient-Access-Associate-Specialist_R049266,f49aa5e62b6f
2026-10-04,,43,description,39,1,,CRCR,Ensemble Health Partners,Patient Access Associate Specialist,"Cincinnati, OH; Mercy - The Jewish Hospital",Cincinnati area,Entry,Patient Services,careers,https://ensemblehp.wd5.myworkdayjobs.com/ensemblehealthpartnerscareers/job/Cincinnati-OH/Patient-Access-Associate-Specialist_R049264,28e86a21c0e1
2026-10-04,,43,description,41,1,,CRCR,Ensemble Health Partners,Patient Access Specialist,"Cincinnati, OH; Mercy - The Jewish Hospital",Cincinnati area,,Patient Services,careers,https://ensemblehp.wd5.myworkdayjobs.com/ensemblehealthpartnerscareers/job/Cincinnati-OH/Patient-Access-Specialist_R049012,4daa3a6b4ed2
2026-10-04,,43,description,45,1,,CRCR,Ensemble Health Partners,Patient Access Associate Specialist,"Mason, OH; Mercy - Kings Mills Hospital",Cincinnati area,Entry,Patient Services,careers,https://ensemblehp.wd5.myworkdayjobs.com/ensemblehealthpartnerscareers/job/Mason-OH/Patient-Access-Associate-Specialist_R044898,ede1dbffb3b2
2026-10-04,,43,description,38,1,,CRCR,Ensemble Health Partners,Patient Access Associate Specialist,"Fairfield, OH; Mercy - Fairfield Hospital",Cincinnati area,Entry,Patient Services,careers,https://ensemblehp.wd5.myworkdayjobs.com/ensemblehealthpartnerscareers/job/Fairfield-OH/Patient-Access-Associate-Specialist_R048543,2103a213e295
2026-10-04,,48,description,53,1,,CRCR,Ensemble Health Partners,Patient Access & Pre-Access Supervisor,"Miami, FL; Work at Home - Ohio - Other",Remote,Senior,Patient Services,careers,https://ensemblehp.wd5.myworkdayjobs.com/ensemblehealthpartnerscareers/job/Miami-FL/Patient-Access---Pre-Access-Supervisor_R045693,fe6372869be0
2026-10-04,,27,description,23,2,Bachelor's,,DaVita,"Business Analyst, Strategic Insights",09507 - Colorado Remote; Remote,Remote,,Data and Analytics,careers,https://davita.wd1.myworkdayjobs.com/DKC_External/job/09507---Colorado-Remote/Business-Analyst--Strategic-Insights_R0466049,c140726b76fc
2026-10-04,,28,description,35,1,Bachelor's; Master's,,DaVita,"Data Analyst, Clinical Analytics and Reporting",09567 - Denver HQ Non-CA or CO Remote; Remote,Remote,,Data and Analytics,careers,https://davita.wd1.myworkdayjobs.com/DKC_External/job/09567---Denver-HQ-Non-CA-or-CO-Remote/Data-Analyst--Clinical-Analytics-and-Reporting_R0472175,4b921581ba2f
2026-10-04,,25,description,31,1,Bachelor's,,DaVita,"Data Analyst, Clinical Analytics and Reporting",09507 - Colorado Remote; Remote,Remote,,Data and Analytics,careers,https://davita.wd1.myworkdayjobs.com/DKC_External/job/09507---Colorado-Remote/Data-Analyst--Clinical-Analytics-and-Reporting_R0475257,05219d1e002c
2026-10-04,,22,description,19,1,Bachelor's,,DaVita,Analytics and Reporting Analyst (IKC),09514 - California Remote; 09507 - Colorado Remote; Remote,Remote,,Data and Analytics,careers,https://davita.wd1.myworkdayjobs.com/DKC_External/job/09514---California-Remote/Analytics-and-Reporting-Analyst--IKC-_R0472634,7bf07415f926
2026-10-04,,38,description,13,3,Bachelor's,,Cotiviti,Revenue Cycle Specialist,US-Remote,Remote,,Revenue Cycle,careers,https://careers-cotiviti.icims.com/jobs/20467/revenue-cycle-specialist/job,6a6847c5f62a
2026-10-04,,46,description,25,1,Bachelor's,,Cotiviti,"Team Lead, Revenue Cycle",US-Remote,Remote,Senior,Revenue Cycle,careers,https://careers-cotiviti.icims.com/jobs/20458/team-lead%2c-revenue-cycle/job,b93012d40e46
2026-10-04,,38,description,13,3,Bachelor's,,Cotiviti,Revenue Cycle Specialist,US-Remote,Remote,,Revenue Cycle,careers,https://careers-cotiviti.icims.com/jobs/20392/revenue-cycle-specialist/job,1947350278ef
2026-10-04,,45,description,18,2,Bachelor's; Master's,,Cotiviti,Senior Revenue Cycle Specialist,US-Remote,Remote,Senior,Revenue Cycle,careers,https://careers-cotiviti.icims.com/jobs/20360/senior-revenue-cycle-specialist/job,0d3e89d33a34
2026-10-04,,40,description,40,5,Bachelor's,,Cotiviti,Senior Revenue Integrity Analyst,US-Remote,Remote,Senior,Revenue Cycle; Data and Analytics,careers,https://careers-cotiviti.icims.com/jobs/20359/senior-revenue-integrity-analyst/job,4496da08debf
2026-10-04,,40,description,40,5,Bachelor's,,Cotiviti,Senior Revenue Integrity Analyst,US-Remote,Remote,Senior,Revenue Cycle; Data and Analytics,careers,https://careers-cotiviti.icims.com/jobs/20332/senior-revenue-integrity-analyst/job,fa1eec3ab4f3
2026-10-04,,20,description,31,4,Bachelor's; Master's,,Cotiviti,AI Program/Project Manager-AI/ML Solutions,US-Remote,Remote,,Project and Program,careers,https://careers-cotiviti.icims.com/jobs/20313/ai-program-project-manager-ai-ml-solutions/job,3dafb040c00e
2026-10-04,,54,description,30,3,Bachelor's,,Cotiviti,Marketing Business Operations Specialist,US-Remote,Remote,,,careers,https://careers-cotiviti.icims.com/jobs/20277/marketing-business-operations-specialist/job,bd048c09d213
2026-10-04,,41,description,14,1,Bachelor's,,Cotiviti,Revenue Cycle Specialist 2 (Inventory Management/Invoicing),US-Remote,Remote,,Revenue Cycle,careers,https://careers-cotiviti.icims.com/jobs/20182/revenue-cycle-specialist-2-%28inventory-management-invoicing%29/job,73ff9bf6f569
2026-10-04,,38,description,41,,Bachelor's,,Cotiviti,Lead Equity Program Manager,US-Remote,Remote,Senior,Project and Program,careers,https://careers-cotiviti.icims.com/jobs/19645/lead-equity-program-manager/job,bea65b8775dc
2026-10-04,,34,description,47,5,Bachelor's,CCA,Cotiviti,Senior Auditor Contract Compliance (Retail-Construction),US-Remote,Remote,Senior,Revenue Cycle; Compliance and Quality,careers,https://careers-cotiviti.icims.com/jobs/19432/senior-auditor-contract-compliance-%28retail-construction%29/job,a404b8430942
2026-10-04,,81,description,71,5,Bachelor's,,Cincinnati Children's,Senior Clinical Program Specialist,"Burnet Campus, Cincinnati, OH",Cincinnati area,Senior,Project and Program,careers,https://cincinnatichildrens.wd5.myworkdayjobs.com/careersatcincinnatichildrens/job/Burnet-Campus/Senior-Clinical-Program-Specialist_JR224396,2a3896c21657
2026-10-04,,46,description,45,5,Bachelor's,,Cincinnati Children's,Senior Epic Analyst - CINCI Lab,Remote,Remote,Senior,Health Information; Data and Analytics,careers,https://cincinnatichildrens.wd5.myworkdayjobs.com/careersatcincinnatichildrens/job/Remote/Senior-Epic-Analyst---Inpatient-Ambulatory_JR223797,ece7fd532d17
2026-10-04,,24,description,49,,,,Cincinnati Children's,Patient Access Representative,"Mason Campus, Cincinnati, OH; Mason Primary Care, Cincinnati, OH",Cincinnati area,Entry,Patient Services,careers,https://cincinnatichildrens.wd5.myworkdayjobs.com/careersatcincinnatichildrens/job/Mason-Campus/Patient-Access-Representative_JR224165,3aa27f5c5c79
2026-10-04,,28,description,50,6,Bachelor's,,Cincinnati Children's,Project Manager (PMP Required),"Offices at Vernon Place, Cincinnati, OH",Cincinnati area,,Project and Program,careers,https://cincinnatichildrens.wd5.myworkdayjobs.com/careersatcincinnatichildrens/job/Offices-at-Vernon-Place/Project-Manager--PMP-Required-_JR224521,799cf347be50
2026-10-04,,32,description,15,3,Bachelor's,,Cincinnati Children's,Senior Compliance Specialist,"Burnet Campus, Cincinnati, OH",Cincinnati area,Senior,Compliance and Quality,careers,https://cincinnatichildrens.wd5.myworkdayjobs.com/careersatcincinnatichildrens/job/Burnet-Campus/Senior-Compliance-Specialist_JR224251,1b403bf3fbd8
2026-10-04,,28,description,50,4,Bachelor's,,Cincinnati Children's,Senior Project Management Specialist,"Burnet Campus, Cincinnati, OH",Cincinnati area,Senior,Project and Program,careers,https://cincinnatichildrens.wd5.myworkdayjobs.com/careersatcincinnatichildrens/job/Burnet-Campus/Senior-Project-Management-Specialist_JR224170,e51a92fd07f1
2026-10-04,,33,description,28,5,Bachelor's,,Cincinnati Children's,Senior Internal Auditor,"Burnet Campus, Cincinnati, OH",Cincinnati area,Senior,Compliance and Quality,careers,https://cincinnatichildrens.wd5.myworkdayjobs.com/careersatcincinnatichildrens/job/Burnet-Campus/Senior-Internal-Auditor_JR222492,405f7c0ccfb8
2026-10-04,,40,description,42,1,Bachelor's; Master's,,Cincinnati Children's,"Clinical Research Coordinator III, Various Departments","Burnet Campus, Cincinnati, OH",Cincinnati area,Senior,Clinical Research,careers,https://cincinnatichildrens.wd5.myworkdayjobs.com/careersatcincinnatichildrens/job/Burnet-Campus/Clinical-Research-Coordinator-III--Various-Departments_JR224300,2fa857654e76
2026-10-04,,47,description,23,3,Bachelor's,,Cincinnati Children's,Clinical Research Supervisor - Nephrology,"Burnet Campus, Cincinnati, OH",Cincinnati area,Senior,Clinical Research,careers,https://cincinnatichildrens.wd5.myworkdayjobs.com/careersatcincinnatichildrens/job/Burnet-Campus/Clinical-Research-Supervisor---Nephrology_JR223945,ba3cc4650a86
2026-10-04,,58,description,39,2,Bachelor's,,Cincinnati Children's,Financial Analyst II,"Burnet Campus, Cincinnati, OH",Cincinnati area,,Revenue Cycle; Data and Analytics,careers,https://cincinnatichildrens.wd5.myworkdayjobs.com/careersatcincinnatichildrens/job/Burnet-Campus/Financial-Analyst-II_JR221824-1,e8ff6017259b
2026-10-04,,28,description,53,6,Bachelor's,,Cincinnati Children's,Project Manager - Ambulatory Specialty,"Burnet Campus, Cincinnati, OH",Cincinnati area,,Project and Program,careers,https://cincinnatichildrens.wd5.myworkdayjobs.com/careersatcincinnatichildrens/job/Burnet-Campus/Project-Manager---Ambulatory-Specialty_JR218751,e06d870a6d78
2026-10-04,,19,description,3,,,,Cincinnati Children's,Allergy & Immunology - Clinical Research Faculty,"Burnet Campus, Cincinnati, OH",Cincinnati area,,Clinical Research,careers,https://cincinnatichildrens.wd5.myworkdayjobs.com/careersatcincinnatichildrens/job/Burnet-Campus/Allergy---Immunology---Clinical-and-or-research-focused-faculty_JR154186-1,97fd0ac00797
2026-10-04,,39,description,52,2,Bachelor's,RN,Centene,Quality Improvement Coordinator II,Remote-WA State,Remote,Entry,Compliance and Quality,careers,https://centene.wd5.myworkdayjobs.com/Centene_External/job/Remote-WA-State/Quality-Improvement-Coordinator-II_1649640,82c4ce369357
2026-10-04,,27,description,62,5,Bachelor's,,Cencora,Senior Regulatory Affairs Specialist - Animal Health,"Remote, Pennsylvania",Remote,Senior,Clinical Research; Compliance and Quality,careers,https://myhrabc.wd5.myworkdayjobs.com/Global/job/Remote-Pennsylvania/Senior-Regulatory-Affairs-Specialist---Animal-Health_R2611153,5778cbd9bcde
2026-10-04,,27,description,62,5,Bachelor's,,Cencora,Senior Regulatory Affairs Specialist - Animal Health,"Remote, Pennsylvania",Remote,Senior,Clinical Research; Compliance and Quality,careers,https://myhrabc.wd5.myworkdayjobs.com/Global/job/Remote-Pennsylvania/Senior-Regulatory-Affairs-Specialist---Animal-Health_R2612045,a301c4aa9d64
2026-10-04,,45,description,49,,Bachelor's,,Cencora,Field Reimbursement Specialist,"Remote, Florida",Remote,,Revenue Cycle,careers,https://myhrabc.wd5.myworkdayjobs.com/Global/job/Remote-Florida/Field-Reimbursement-Specialist_R2611554,546b90468e60
2026-10-04,,37,description,59,7,Bachelor's,,CareSource,Business Analyst IV - Must have GuidingCare,Remote; Remote,Remote,Senior,Data and Analytics,careers,https://caresource.wd1.myworkdayjobs.com/CareSource/job/Remote/Business-Analyst-IV_R13622,5a66b451b9a5
2026-10-04,,56,description,52,1,,,CareSource,Medical Records Coordinator II (Hybrid/Springfield MA Office),Massachusetts WFH,Remote,Entry,Health Information,careers,https://caresource.wd1.myworkdayjobs.com/CareSource/job/Massachusetts-WFH/Medical-Records-Coordinator-II_R13558,dfd063206b81
2026-10-04,2026-10-03,34,description,22,4,Bachelor's,,Centene,Finance Analyst III - Managed Care,Remote-MO,Remote,Senior,Revenue Cycle; Data and Analytics,careers,https://centene.wd5.myworkdayjobs.com/Centene_External/job/Remote-MO/Finance-Analyst-III---Managed-Care_1657973,42c10119a199
2026-10-04,2026-10-02,24,description,45,3,,,UC Health,"Clinical Operations Supervisor, Dermatology, Full Time, First Shift","Cincinnati, OH, United States; KY, United States",Cincinnati area,Senior,Clinical Research,careers,https://eswt.fa.us6.oraclecloud.com/hcmUI/CandidateExperience/en/sites/CX_1001/job/24661,93927774445a
2026-10-04,2026-10-02,24,description,45,3,,,UC Health,"Clinical Operations Supervisor, Dermatology, Full Time, First Shift","Cincinnati, OH, United States",Cincinnati area,Senior,Clinical Research,careers,https://eswt.fa.us6.oraclecloud.com/hcmUI/CandidateExperience/en/sites/CX_1001/job/24660,c4fb0796f632
2026-10-04,2026-10-02,49,description,36,1,,,The Christ Hospital,Patient Access Coordinator - Main Obstetrics HUC/Registration - Full Time - Days,"Cincinnati, OH",Cincinnati area,Entry,Patient Services,careers,https://fa-etxt-saasfaprod1.fa.ocs.oraclecloud.com/hcmUI/CandidateExperience/en/sites/CX_5/job/13655,5398d796ecde
2026-10-04,2026-10-02,55,description,32,,,CCS; CPC,Sutherland,Credentialing Team Manager | Remote | USA,"Clifton, NJ, United States; Remote",Remote,Senior,Compliance and Quality,careers,https://jobs.smartrecruiters.com/sutherland/744000153233764,29c537c73150
2026-10-04,2026-10-02,58,description,29,2,,,Sharecare,ROI Medical Records Specialist - Remote,Remote,Remote,,Health Information,careers,https://sharecare.wd1.myworkdayjobs.com/Sharecare_Careers/job/Remote/ROI-Medical-Records-Specialist---Remote_R-102033,1edb65c77bf3
2026-10-04,2026-10-02,23,description,55,3,Bachelor's,,Medpace,Experienced Data Analyst (AI & BI),"Cincinnati, Ohio",Cincinnati area,,Data and Analytics,careers,https://careers.medpace.com/jobs/12927,e43ae11f8003
2026-10-04,2026-10-02,47,description,92,3,Bachelor's,,Medpace,IT Project Manager,"Cincinnati, Ohio",Cincinnati area,,Project and Program,careers,https://careers.medpace.com/jobs/13033,65e5def6a2f5
2026-10-04,2026-10-02,24,description,12,5,,,Humana,IT Internal Auditor,"Louisville, KY; Remote District of Columbia; Remote New York",Remote,,Compliance and Quality,careers,https://humana.wd5.myworkdayjobs.com/Humana_External_Career_Site/job/Louisville-KY/IT-Internal-Auditor_R-428200-1,782abe80ef90
2026-10-04,2026-10-02,24,description,34,2,Bachelor's,,Humana,Internal Auditor,"Louisville, KY; Remote Texas; Remote Florida; Arlington, VA; Remote Illinois",Remote,,Compliance and Quality,careers,https://humana.wd5.myworkdayjobs.com/Humana_External_Career_Site/job/Louisville-KY/Internal-Auditor_R-432646,a4120079e634
2026-10-04,2026-10-02,39,description,41,2,,,Humana,Quality Improvement Professional,Remote Illinois,Remote,,Compliance and Quality,careers,https://humana.wd5.myworkdayjobs.com/Humana_External_Career_Site/job/Remote-Illinois/Quality-Improvement-Professional_R-430886-1,883fb2e8196f
2026-10-04,2026-10-02,56,description,45,3,,RHIT,Highmark Health,Medical Record Retrieval Specialist,"PA, Working at Home - Pennsylvania; NY, Working at Home - New York; WV, Working at Home - W Virginia; DE, Working at Home - Delaware; Remote",Remote,,Health Information,careers,https://highmarkhealth.wd1.myworkdayjobs.com/highmark/job/PA-Working-at-Home---Pennsylvania/Medical-Record-Retrieval-Specialist_J287460,3a4de4020304
2026-10-04,2026-10-02,51,description,56,6,Bachelor's; Master's,,Highmark Health,Manager Information Security and Risk Management – Enterprise Data Security,"PA, Working at Home - Pennsylvania; MD, Working at Home - Maryland; WA, Working at Home - Washington; NC, Working at Home - N Carolina; LA, Working at Home - Louisiana; KY, Working at Home - Kentucky; KS, Working at Home - Kansas; IN, Working at Home - Indiana; IL, Working at Home - Illinois; GA, Working at Home - Georgia; IA, Working at Home - Iowa; FL, Working at Home - Florida; CO, Working at Home - Colorado; CA, Working at Home - California; DE, Working at Home - Delaware; CT, Working at Home - Conneticut; AR, Working at Home -  Arkansas; AZ, Working at Home - Arizona; AL, Working at Home - Alabama; AK, Working at Home - Alaska; NV, Working at Home - Nevada; VT, Working at Home - Vermont; TN, Working at Home -Tennessee; ID, Working at Home - Idaho; OK, Working at Home - Oklahoma; HI, Working at Home - Hawaii; MS, Working at Home - Mississippi; UT, Working at Home - Utah; NH, Working at Home - New Hampshire; NM, Working at Home - New Mexico; WY, Working at Home - Wyoming; ND, Working at Home - North Dakota; SD, Working at Home-South Dakota; RI, Working at Home - Rhode Island; WV, Working at Home - W Virginia; MO, Working at Home - Montana; TX, Working at Home - Texas; DC, Working at Home - Dist of Col; OH, Working at Home - Ohio; NJ, Working at Home - New Jersey; OR, Working at Home - Oregon; SC, Working at Home-South Carolina; MO, Working at Home - Missouri; VA, Working at Home - Virginia; MA, Working at Home -Massachusetts; NE, Working at Home - Nebraska; MN, Working at Home - Minnesota; MI, Working at Home - Michigan; WI, Working at Home - Wisconsin; NY, Working at Home - New York; ME, Working at Home - Maine; Remote",Remote,Senior,Compliance and Quality,careers,https://highmarkhealth.wd1.myworkdayjobs.com/highmark/job/PA-Working-at-Home---Pennsylvania/Manager-Information-Security-and-Risk-Management---Enterprise-Data-Security_J286871,cd25c5c5e649
2026-10-04,2026-10-02,38,description,38,5,,,Highmark Health,Auditor Claims BCI,"PA, Working at Home - Pennsylvania; MD, Working at Home - Maryland; WA, Working at Home - Washington; NC, Working at Home - N Carolina; LA, Working at Home - Louisiana; KY, Working at Home - Kentucky; KS, Working at Home - Kansas; IN, Working at Home - Indiana; IL, Working at Home - Illinois; GA, Working at Home - Georgia; IA, Working at Home - Iowa; FL, Working at Home - Florida; CO, Working at Home - Colorado; CA, Working at Home - California; DE, Working at Home - Delaware; CT, Working at Home - Conneticut; AR, Working at Home -  Arkansas; AZ, Working at Home - Arizona; AL, Working at Home - Alabama; AK, Working at Home - Alaska; NV, Working at Home - Nevada; VT, Working at Home - Vermont; TN, Working at Home -Tennessee; ID, Working at Home - Idaho; OK, Working at Home - Oklahoma; HI, Working at Home - Hawaii; MS, Working at Home - Mississippi; UT, Working at Home - Utah; NH, Working at Home - New Hampshire; NM, Working at Home - New Mexico; WY, Working at Home - Wyoming; ND, Working at Home - North Dakota; SD, Working at Home-South Dakota; RI, Working at Home - Rhode Island; WV, Working at Home - W Virginia; MO, Working at Home - Montana; TX, Working at Home - Texas; DC, Working at Home - Dist of Col; OH, Working at Home - Ohio; NJ, Working at Home - New Jersey; OR, Working at Home - Oregon; SC, Working at Home-South Carolina; MO, Working at Home - Missouri; VA, Working at Home - Virginia; MA, Working at Home -Massachusetts; NE, Working at Home - Nebraska; MN, Working at Home - Minnesota; MI, Working at Home - Michigan; WI, Working at Home - Wisconsin; NY, Working at Home - New York; ME, Working at Home - Maine; Remote",Remote,,Revenue Cycle; Compliance and Quality,careers,https://highmarkhealth.wd1.myworkdayjobs.com/highmark/job/PA-Working-at-Home---Pennsylvania/Auditor-Claims-BCI_J286268,0b9b94a7741d
2026-10-04,2026-10-02,63,description,25,,Bachelor's,,Highmark Health,Business Analyst - Sponsored Programs Financial Services,"PA, Working at Home - Pennsylvania; MD, Working at Home - Maryland; WA, Working at Home - Washington; NC, Working at Home - N Carolina; LA, Working at Home - Louisiana; KY, Working at Home - Kentucky; KS, Working at Home - Kansas; IN, Working at Home - Indiana; IL, Working at Home - Illinois; GA, Working at Home - Georgia; IA, Working at Home - Iowa; FL, Working at Home - Florida; CO, Working at Home - Colorado; CA, Working at Home - California; DE, Working at Home - Delaware; CT, Working at Home - Conneticut; AR, Working at Home -  Arkansas; AZ, Working at Home - Arizona; AL, Working at Home - Alabama; AK, Working at Home - Alaska; NV, Working at Home - Nevada; VT, Working at Home - Vermont; TN, Working at Home -Tennessee; ID, Working at Home - Idaho; OK, Working at Home - Oklahoma; HI, Working at Home - Hawaii; MS, Working at Home - Mississippi; UT, Working at Home - Utah; NH, Working at Home - New Hampshire; NM, Working at Home - New Mexico; WY, Working at Home - Wyoming; ND, Working at Home - North Dakota; SD, Working at Home-South Dakota; RI, Working at Home - Rhode Island; WV, Working at Home - W Virginia; MO, Working at Home - Montana; TX, Working at Home - Texas; DC, Working at Home - Dist of Col; OH, Working at Home - Ohio; NJ, Working at Home - New Jersey; OR, Working at Home - Oregon; SC, Working at Home-South Carolina; MO, Working at Home - Missouri; VA, Working at Home - Virginia; MA, Working at Home -Massachusetts; NE, Working at Home - Nebraska; MN, Working at Home - Minnesota; MI, Working at Home - Michigan; WI, Working at Home - Wisconsin; NY, Working at Home - New York; ME, Working at Home - Maine; Remote",Remote,,Revenue Cycle; Data and Analytics,careers,https://highmarkhealth.wd1.myworkdayjobs.com/highmark/job/PA-Working-at-Home---Pennsylvania/Business-Analyst---Sponsored-Programs-Financial-Services_J286606,9b4f9b41d6c3
2026-10-04,2026-10-02,41,description,47,7,,,Highmark Health,Lead Financial Analyst,"PA, Working at Home - Pennsylvania; MD, Working at Home - Maryland; WA, Working at Home - Washington; NC, Working at Home - N Carolina; LA, Working at Home - Louisiana; KY, Working at Home - Kentucky; KS, Working at Home - Kansas; IN, Working at Home - Indiana; IL, Working at Home - Illinois; GA, Working at Home - Georgia; IA, Working at Home - Iowa; FL, Working at Home - Florida; CO, Working at Home - Colorado; CA, Working at Home - California; DE, Working at Home - Delaware; Work From Anywhere; CT, Working at Home - Conneticut; AR, Working at Home -  Arkansas; AZ, Working at Home - Arizona; AL, Working at Home - Alabama; AK, Working at Home - Alaska; NV, Working at Home - Nevada; VT, Working at Home - Vermont; ID, Working at Home - Idaho; TN, Working at Home -Tennessee; OK, Working at Home - Oklahoma; HI, Working at Home - Hawaii; MS, Working at Home - Mississippi; UT, Working at Home - Utah; NH, Working at Home - New Hampshire; NM, Working at Home - New Mexico; WY, Working at Home - Wyoming; ND, Working at Home - North Dakota; SD, Working at Home-South Dakota; RI, Working at Home - Rhode Island; WV, Working at Home - W Virginia; MO, Working at Home - Montana; TX, Working at Home - Texas; DC, Working at Home - Dist of Col; OH, Working at Home - Ohio; NJ, Working at Home - New Jersey; OR, Working at Home - Oregon; SC, Working at Home-South Carolina; MO, Working at Home - Missouri; VA, Working at Home - Virginia; MA, Working at Home -Massachusetts; NE, Working at Home - Nebraska; MN, Working at Home - Minnesota; MI, Working at Home - Michigan; WI, Working at Home - Wisconsin; NY, Working at Home - New York; ME, Working at Home - Maine; Remote",Remote,Senior,Revenue Cycle; Data and Analytics,careers,https://highmarkhealth.wd1.myworkdayjobs.com/highmark/job/PA-Working-at-Home---Pennsylvania/Lead-Financial-Analyst_J285822,963e8446e71c
2026-10-04,2026-10-02,49,description,48,3,Bachelor's,,Highmark Health,Client Project Manager,"Pittsburgh PA, 5th Avenue Place; MD, Working at Home - Maryland; WA, Working at Home - Washington; NC, Working at Home - N Carolina; LA, Working at Home - Louisiana; KY, Working at Home - Kentucky; KS, Working at Home - Kansas; IN, Working at Home - Indiana; IL, Working at Home - Illinois; GA, Working at Home - Georgia; IA, Working at Home - Iowa; FL, Working at Home - Florida; CO, Working at Home - Colorado; CA, Working at Home - California; DE, Working at Home - Delaware; CT, Working at Home - Conneticut; AR, Working at Home -  Arkansas; AZ, Working at Home - Arizona; AL, Working at Home - Alabama; AK, Working at Home - Alaska; NV, Working at Home - Nevada; VT, Working at Home - Vermont; TN, Working at Home -Tennessee; ID, Working at Home - Idaho; OK, Working at Home - Oklahoma; HI, Working at Home - Hawaii; MS, Working at Home - Mississippi; UT, Working at Home - Utah; NH, Working at Home - New Hampshire; NM, Working at Home - New Mexico; WY, Working at Home - Wyoming; ND, Working at Home - North Dakota; SD, Working at Home-South Dakota; RI, Working at Home - Rhode Island; WV, Working at Home - W Virginia; MO, Working at Home - Montana; TX, Working at Home - Texas; DC, Working at Home - Dist of Col; OH, Working at Home - Ohio; NJ, Working at Home - New Jersey; OR, Working at Home - Oregon; SC, Working at Home-South Carolina; MO, Working at Home - Missouri; VA, Working at Home - Virginia; MA, Working at Home -Massachusetts; NE, Working at Home - Nebraska; MN, Working at Home - Minnesota; MI, Working at Home - Michigan; WI, Working at Home - Wisconsin; NY, Working at Home - New York; ME, Working at Home - Maine; Remote",Remote,,Project and Program,careers,https://highmarkhealth.wd1.myworkdayjobs.com/highmark/job/Pittsburgh-PA-5th-Avenue-Place/Client-Project-Manager_J284902,f4eb258e2fb0
2026-10-04,2026-10-02,43,description,32,7,Bachelor's,,Highmark Health,Manager Client Project Management,"Pittsburgh PA, 5th Avenue Place; MD, Working at Home - Maryland; WA, Working at Home - Washington; NC, Working at Home - N Carolina; LA, Working at Home - Louisiana; KY, Working at Home - Kentucky; KS, Working at Home - Kansas; IN, Working at Home - Indiana; IL, Working at Home - Illinois; GA, Working at Home - Georgia; IA, Working at Home - Iowa; FL, Working at Home - Florida; CO, Working at Home - Colorado; CA, Working at Home - California; DE, Working at Home - Delaware; CT, Working at Home - Conneticut; AR, Working at Home -  Arkansas; AZ, Working at Home - Arizona; AL, Working at Home - Alabama; AK, Working at Home - Alaska; NV, Working at Home - Nevada; VT, Working at Home - Vermont; TN, Working at Home -Tennessee; ID, Working at Home - Idaho; OK, Working at Home - Oklahoma; HI, Working at Home - Hawaii; MS, Working at Home - Mississippi; UT, Working at Home - Utah; NH, Working at Home - New Hampshire; NM, Working at Home - New Mexico; WY, Working at Home - Wyoming; ND, Working at Home - North Dakota; SD, Working at Home-South Dakota; RI, Working at Home - Rhode Island; WV, Working at Home - W Virginia; MO, Working at Home - Montana; TX, Working at Home - Texas; DC, Working at Home - Dist of Col; OH, Working at Home - Ohio; NJ, Working at Home - New Jersey; OR, Working at Home - Oregon; SC, Working at Home-South Carolina; MO, Working at Home - Missouri; VA, Working at Home - Virginia; MA, Working at Home -Massachusetts; NE, Working at Home - Nebraska; MN, Working at Home - Minnesota; MI, Working at Home - Michigan; WI, Working at Home - Wisconsin; NY, Working at Home - New York; ME, Working at Home - Maine; Remote",Remote,Senior,Project and Program,careers,https://highmarkhealth.wd1.myworkdayjobs.com/highmark/job/Pittsburgh-PA-5th-Avenue-Place/Manager-Client-Project-Management_J284907,2f26cd56a6f2
2026-10-04,2026-10-02,49,description,46,5,Bachelor's,,Highmark Health,Senior Client Project Manager,"Pittsburgh PA, 5th Avenue Place; MD, Working at Home - Maryland; WA, Working at Home - Washington; NC, Working at Home - N Carolina; LA, Working at Home - Louisiana; KY, Working at Home - Kentucky; KS, Working at Home - Kansas; IN, Working at Home - Indiana; IL, Working at Home - Illinois; GA, Working at Home - Georgia; IA, Working at Home - Iowa; FL, Working at Home - Florida; CO, Working at Home - Colorado; CA, Working at Home - California; DE, Working at Home - Delaware; CT, Working at Home - Conneticut; AR, Working at Home -  Arkansas; AZ, Working at Home - Arizona; AL, Working at Home - Alabama; AK, Working at Home - Alaska; NV, Working at Home - Nevada; VT, Working at Home - Vermont; TN, Working at Home -Tennessee; ID, Working at Home - Idaho; OK, Working at Home - Oklahoma; HI, Working at Home - Hawaii; MS, Working at Home - Mississippi; UT, Working at Home - Utah; NH, Working at Home - New Hampshire; NM, Working at Home - New Mexico; WY, Working at Home - Wyoming; ND, Working at Home - North Dakota; SD, Working at Home-South Dakota; RI, Working at Home - Rhode Island; WV, Working at Home - W Virginia; MO, Working at Home - Montana; TX, Working at Home - Texas; DC, Working at Home - Dist of Col; OH, Working at Home - Ohio; NJ, Working at Home - New Jersey; OR, Working at Home - Oregon; SC, Working at Home-South Carolina; MO, Working at Home - Missouri; VA, Working at Home - Virginia; MA, Working at Home -Massachusetts; NE, Working at Home - Nebraska; MN, Working at Home - Minnesota; MI, Working at Home - Michigan; WI, Working at Home - Wisconsin; NY, Working at Home - New York; ME, Working at Home - Maine; Remote",Remote,Senior,Project and Program,careers,https://highmarkhealth.wd1.myworkdayjobs.com/highmark/job/Pittsburgh-PA-5th-Avenue-Place/Senior-Client-Project-Manager_J284903,319caff0b0b2
2026-10-04,2026-10-02,56,description,69,,Bachelor's; Master's,,Highmark Health,Manager IT - Data Governance,"PA, Working at Home - Pennsylvania; MD, Working at Home - Maryland; WA, Working at Home - Washington; NC, Working at Home - N Carolina; LA, Working at Home - Louisiana; KY, Working at Home - Kentucky; KS, Working at Home - Kansas; IN, Working at Home - Indiana; IL, Working at Home - Illinois; GA, Working at Home - Georgia; IA, Working at Home - Iowa; FL, Working at Home - Florida; CO, Working at Home - Colorado; CA, Working at Home - California; DE, Working at Home - Delaware; CT, Working at Home - Conneticut; AR, Working at Home -  Arkansas; AZ, Working at Home - Arizona; AL, Working at Home - Alabama; AK, Working at Home - Alaska; NV, Working at Home - Nevada; VT, Working at Home - Vermont; TN, Working at Home -Tennessee; ID, Working at Home - Idaho; OK, Working at Home - Oklahoma; HI, Working at Home - Hawaii; MS, Working at Home - Mississippi; UT, Working at Home - Utah; NH, Working at Home - New Hampshire; NM, Working at Home - New Mexico; WY, Working at Home - Wyoming; ND, Working at Home - North Dakota; SD, Working at Home-South Dakota; RI, Working at Home - Rhode Island; WV, Working at Home - W Virginia; MO, Working at Home - Montana; TX, Working at Home - Texas; DC, Working at Home - Dist of Col; OH, Working at Home - Ohio; NJ, Working at Home - New Jersey; OR, Working at Home - Oregon; SC, Working at Home-South Carolina; MO, Working at Home - Missouri; VA, Working at Home - Virginia; MA, Working at Home -Massachusetts; NE, Working at Home - Nebraska; MN, Working at Home - Minnesota; MI, Working at Home - Michigan; WI, Working at Home - Wisconsin; NY, Working at Home - New York; ME, Working at Home - Maine; Remote",Remote,Senior,Health Information,careers,https://highmarkhealth.wd1.myworkdayjobs.com/highmark/job/PA-Working-at-Home---Pennsylvania/Manager-IT---Data-Governance_J280408,a314e83844bc
2026-10-04,2026-10-02,53,description,48,3,Bachelor's; Master's,,Highmark Health,Manager Information Security & Risk Management - Cloud Security Manager,"PA, Working at Home - Pennsylvania; MD, Working at Home - Maryland; WA, Working at Home - Washington; NC, Working at Home - N Carolina; LA, Working at Home - Louisiana; KY, Working at Home - Kentucky; KS, Working at Home - Kansas; IN, Working at Home - Indiana; IL, Working at Home - Illinois; GA, Working at Home - Georgia; IA, Working at Home - Iowa; FL, Working at Home - Florida; CO, Working at Home - Colorado; CA, Working at Home - California; DE, Working at Home - Delaware; CT, Working at Home - Conneticut; AR, Working at Home -  Arkansas; AZ, Working at Home - Arizona; AL, Working at Home - Alabama; AK, Working at Home - Alaska; NV, Working at Home - Nevada; VT, Working at Home - Vermont; TN, Working at Home -Tennessee; ID, Working at Home - Idaho; OK, Working at Home - Oklahoma; HI, Working at Home - Hawaii; MS, Working at Home - Mississippi; UT, Working at Home - Utah; NH, Working at Home - New Hampshire; NM, Working at Home - New Mexico; WY, Working at Home - Wyoming; ND, Working at Home - North Dakota; SD, Working at Home-South Dakota; RI, Working at Home - Rhode Island; WV, Working at Home - W Virginia; MO, Working at Home - Montana; TX, Working at Home - Texas; DC, Working at Home - Dist of Col; OH, Working at Home - Ohio; NJ, Working at Home - New Jersey; OR, Working at Home - Oregon; SC, Working at Home-South Carolina; MO, Working at Home - Missouri; VA, Working at Home - Virginia; MA, Working at Home -Massachusetts; NE, Working at Home - Nebraska; MN, Working at Home - Minnesota; MI, Working at Home - Michigan; WI, Working at Home - Wisconsin; NY, Working at Home - New York; ME, Working at Home - Maine; Remote",Remote,Senior,Compliance and Quality,careers,https://highmarkhealth.wd1.myworkdayjobs.com/highmark/job/PA-Working-at-Home---Pennsylvania/Manager-Information-Security---Risk-Management_J269753,839b3172add9
2026-10-04,2026-10-02,27,description,16,2,,,Health Care Service Corporation,Reimbursement Customer Advocat,National Remote; Remote,Remote,,Revenue Cycle,careers,https://hcsc.wd1.myworkdayjobs.com/HCSC_External/job/National-Remote/Reimbursement-Customer-Advocat_R0052499-1,af8655fafae4
2026-10-04,2026-10-02,66,description,28,3,,,Ensemble Health Partners,Revenue Recovery Specialist II,Remote - Nationwide; Work at Home - Columbia - SC,Remote,,Revenue Cycle,careers,https://ensemblehp.wd5.myworkdayjobs.com/ensemblehealthpartnerscareers/job/Remote---Nationwide/Revenue-Recovery-Specialist-II_R052444-1,2cebac58dd60
2026-10-04,2026-10-02,72,description,34,5,Bachelor's,,Ensemble Health Partners,Revenue Recovery Associate Analyst I,Remote - Nationwide; Work at Home - Columbia - SC,Remote,Entry,Revenue Cycle; Data and Analytics,careers,https://ensemblehp.wd5.myworkdayjobs.com/ensemblehealthpartnerscareers/job/Remote---Nationwide/Revenue-Recovery-Associate-Analyst-I_R052442,66f1955a9d0f
2026-10-04,2026-10-02,23,description,14,2,Bachelor's,,Elevance Health,Program Coordinator (US),"OH-CINCINNATI, 3075 VANDERCAR WAY; Ohio - Columbus; Ohio - Mason; Ohio - Seven Hills",Cincinnati area,Entry,Project and Program,careers,https://elevancehealth.wd1.myworkdayjobs.com/ANT/job/OH-CINCINNATI-3075-VANDERCAR-WAY/Program-Coordinator--US-_JR205853,15bef678b4ab
2026-10-04,2026-10-02,31,description,20,5,Bachelor's; Master's,,Elevance Health,Program Manager- Ohio Claims,"OH-COLUMBUS, 8940 LYRA DR, STE 300; OH-SEVEN HILLS, 6000 LOMBARDO CENTER, STE 200; OH-MASON, 4361 IRWIN SIMPSON RD",Cincinnati area,,Revenue Cycle; Project and Program,careers,https://elevancehealth.wd1.myworkdayjobs.com/ANT/job/OH-COLUMBUS-8940-LYRA-DR-STE-300/Program-Manager--Ohio-Claims_JR200003-1,bdb1b7a2e7f9
2026-10-04,2026-10-02,41,description,40,5,,,Devoted Health,"Manager, Clinical Data Acquisition",Remote USA,Remote,Senior,Data and Analytics,careers,https://devoted.wd1.myworkdayjobs.com/Devoted/job/Remote-USA/Manager--Clinical-Data-Acquisition_R3701,e4faf4ac59a9
2026-10-04,2026-10-02,24,description,17,5,Master's,,Devoted Health,"Senior Financial Analyst, Cost Accounting",Remote USA,Remote,Senior,Revenue Cycle; Data and Analytics,careers,https://devoted.wd1.myworkdayjobs.com/Devoted/job/Remote-USA/Senior-Financial-Analyst--Cost-Accounting_R3700,3345765b1aef
2026-10-04,2026-10-02,35,description,68,4,Bachelor's,,CVS Health,Senior Epic Analyst-Healthy Planet - Care Coordination,RI - Work from home; Work At Home-Idaho; Work At Home-Arkansas; Work At Home-Vermont; Work At Home-Georgia; Work At Home-Texas; Work At Home-Minnesota; Work At Home-New Mexico; Work At Home-Montana; Work At Home-Iowa; Work At Home-Michigan; Work At Home-California; Work At Home-Oregon; Work At Home-Maine; Work At Home-Wisconsin; Work At Home-Washington; Work At Home-New York; Work At Home-North Dakota; Work At Home-District of Columbia; Work At Home-New Jersey; Work At Home-Nebraska; Work At Home-Indiana; Work At Home-Connecticut; Work At Home-Nevada; Work At Home-Louisiana; Work At Home-Kentucky; Work At Home-Tennessee; Work At Home-Mississippi; Work At Home-Ohio; Work At Home-Oklahoma; Work At Home-West Virginia; Work At Home-Massachusetts; Work At Home-Maryland; Work At Home-South Carolina; Work At Home-Alabama; Work At Home-Missouri; Work At Home - Utah; Work At Home-Arizona; Work At Home-Virginia; Work At Home-South Dakota; Work At Home-Illinois; Work At Home-North Carolina; Work At Home-Florida; Work At Home-Colorado; Work At Home-Pennsylvania; Work At Home-New Hampshire; Work At Home-Wyoming; Work At Home-Delaware; Remote,Remote,Senior,Health Information; Data and Analytics,careers,https://cvshealth.wd1.myworkdayjobs.com/CVS_Health_Careers/job/RI---Work-from-home/Senior-Epic-Analyst-Healthy-Planet---Care-Coordination_R1047462,7d870c6677b5
2026-10-04,2026-10-02,24,description,50,4,,,CVS Health,Senior Pricing Analyst,AZ - Scottsdale; Work At Home-Arkansas; Work At Home-Idaho; Work At Home-Texas; Work At Home-Georgia; Work At Home-Montana; Work At Home-Iowa; Work At Home-Wisconsin; Work At Home-Oregon; Work At Home-Washington; Work At Home-New York; Work At Home-District of Columbia; Work At Home-Connecticut; Work At Home-Nebraska; Work At Home-Rhode Island; Work At Home-Tennessee; Work At Home-Kentucky; Work At Home-Ohio; Work At Home-West Virginia; Work At Home-Maryland; Work At Home-Massachusetts; Work At Home-South Carolina; Work At Home-Missouri; Work At Home - Utah; Work At Home-South Dakota; Work At Home-Pennsylvania; Work At Home-New Hampshire; Work At Home-Vermont; Work At Home-Minnesota; Work At Home-New Mexico; Work At Home-Michigan; Work At Home-California; Work At Home-Maine; Work At Home-North Dakota; Work At Home-Kansas; Work At Home-Indiana; Work At Home-New Jersey; Work At Home-Nevada; Work At Home-Louisiana; Work At Home-Mississippi; Work At Home-Oklahoma; Work At Home-Alabama; Work At Home-Virginia; Work At Home-Illinois; Work At Home-North Carolina; Work At Home-Colorado; Work At Home-Florida; Work At Home-Wyoming; Work At Home-Delaware; Remote,Remote,Senior,Revenue Cycle; Data and Analytics,careers,https://cvshealth.wd1.myworkdayjobs.com/CVS_Health_Careers/job/AZ---Scottsdale/Pharmacy-Benefits-Management--PBM--Underwriting--Senior-Analyst_R0969670,9b27675a00d1
2026-10-04,2026-10-02,56,description,46,1,Bachelor's,,CorroHealth,Hospital Chargemaster Data Analyst (FT/REMOTE) (Perm. Work Status Req'd),US - Remote,Remote,,Revenue Cycle; Data and Analytics,careers,https://corrohealth.wd1.myworkdayjobs.com/Corro/job/US---Remote/Hospital-Chargemaster-Data-Analyst--FT-REMOTE---Perm-Work-Status-Req-d-_JR106157,8c44902c6cf9
2026-10-04,2026-10-02,55,description,25,3,,,Conifer Health Solutions,Denials Specialist - Remote,United States; Remote,Remote,,Revenue Cycle,careers,https://eodr.fa.us2.oraclecloud.com/hcmUI/CandidateExperience/en/sites/CX_2001/job/2603022878,c99c12fe65e5
2026-10-04,2026-10-02,43,description,49,,Bachelor's,,Cincinnati Children's,EMR Analyst I - Epic Billing,Remote,Remote,Entry,Health Information; Revenue Cycle; Data and Analytics,careers,https://cincinnatichildrens.wd5.myworkdayjobs.com/careersatcincinnatichildrens/job/Remote/EMR-Analyst-I---Epic-Billing_JR225598,694fea30db84
2026-10-04,2026-10-02,70,description,55,2,Bachelor's,,Cincinnati Children's,Program Management Specialist - Heart Institute,"Burnet Campus, Cincinnati, OH",Cincinnati area,,Project and Program,careers,https://cincinnatichildrens.wd5.myworkdayjobs.com/careersatcincinnatichildrens/job/Burnet-Campus/Program-Management-Specialist---Heart-Institute_JR225261,c431bae2ff77
2026-10-04,2026-10-02,39,description,0,,,,Cincinnati Children's,Patient Access Representative I,"MOB - 3430 Burnet, Cincinnati, OH; Hopple Street Health Center, Cincinnati, OH",Cincinnati area,Entry,Patient Services,careers,https://cincinnatichildrens.wd5.myworkdayjobs.com/careersatcincinnatichildrens/job/MOB---3430-Burnet/Patient-Access-Representative-I_JR224966,5ba99fb41f3b
2026-10-04,2026-10-02,39,description,0,,,,Cincinnati Children's,Patient Access Representative I,"MOB - 3430 Burnet, Cincinnati, OH; Hopple Street Health Center, Cincinnati, OH",Cincinnati area,Entry,Patient Services,careers,https://cincinnatichildrens.wd5.myworkdayjobs.com/careersatcincinnatichildrens/job/MOB---3430-Burnet/Patient-Access-Representative-I_JR224965,74b256c3d953
2026-10-04,2026-10-02,38,description,50,3,Bachelor's,,Cigna Group,"Supervisor, Cigna Benefit Investigation & Prior Authorization Team - Freedom Fertility - Newburyport, MA or Arizona","MA, Newburyport, 374 Merrimac St; Arizona Work at Home",Remote,Senior,Revenue Cycle,careers,https://cigna.wd5.myworkdayjobs.com/cignacareers/job/MA-Newburyport-374-Merrimac-St/Supervisor--Cigna-Benefit-Investigation---Prior-Authorization-Team---Freedom-Fertility---Newburyport--MA-or-Arizona_26012064,9c4f91c769e5
2026-10-04,2026-10-02,39,description,45,2,Bachelor's,RN,Centene,Quality Improvement Coordinator II,Remote-OK,Remote,Entry,Compliance and Quality,careers,https://centene.wd5.myworkdayjobs.com/Centene_External/job/Remote-OK/Quality-Improvement-Coordinator-II_1649717,f6ce39e1ff9c
2026-10-04,2026-10-02,35,description,26,7,Bachelor's,,Centene,Project Manager IV - Business Operations,Remote-MO,Remote,Senior,Project and Program,careers,https://centene.wd5.myworkdayjobs.com/Centene_External/job/Remote-MO/Project-Manager-IV---Business-Operations_1658536-1,748f9af1841b
2026-10-04,2026-10-02,36,description,30,5,Bachelor's; Master's,,Centene,Program Manager III,Remote-FL; Remote-GA; Remote-WI; Remote-KS; Remote-OH; Remote-MI; Remote-NC; Remote-IL; Remote-NV; Remote-NM; Remote-UT; Remote-OR; Remote-MO; Remote-KY; Remote-WV; Remote-OK,Remote,Senior,Project and Program,careers,https://centene.wd5.myworkdayjobs.com/Centene_External/job/Remote-FL/Program-Manager-III_1663240,0e5de9e84b0d
2026-10-04,2026-10-02,35,description,41,8,Bachelor's; Master's,,Centene,Program Manager IV,Remote-MO; Remote-GA; Remote-TN; Remote-WI; Remote-KS; Remote-OH; Remote-MI; Remote-FL; Remote-NC; Remote-IL; Remote-NV; Remote-NM; Remote-UT; Remote-KY; Remote-OK,Remote,Senior,Project and Program,careers,https://centene.wd5.myworkdayjobs.com/Centene_External/job/Remote-MO/Program-Manager-IV_1661272,55e13c4d5d81
2026-10-04,2026-10-02,45,description,39,2,Bachelor's,,Cardinal Health,"Analyst, Revenue Cycle Management",US-Nationwide-FIELD,Remote,,Revenue Cycle; Data and Analytics,careers,https://cardinalhealth.wd1.myworkdayjobs.com/EXT/job/US-Nationwide-FIELD/Analyst--Revenue-Cycle-Mgmt_20186858-1,6eb49f840aa9
2026-10-04,2026-10-02,32,description,40,5,Bachelor's; Master's,,Bon Secours Mercy Health,Sourcing Program Manager - Work at Home - Ohio,Work at Home - Ohio,Remote,,Project and Program,careers,https://easyservice.wd5.myworkdayjobs.com/BonSecoursMercyHealthCareers/job/Work-at-Home---Ohio/Sourcing-Program-Manager---Work-at-Home---Ohio_R288397,a2251f7afa80
2026-10-04,2026-10-02,21,description,0,2,Bachelor's,,Ascension,Senior Financial Analyst,United States; Remote,Remote,Senior,Revenue Cycle; Data and Analytics,careers,https://ibpcjb.fa.ocs.oraclecloud.com/hcmUI/CandidateExperience/en/sites/CX_1004/job/1321418,94f7066e316b
2026-10-04,2026-10-02,44,description,39,1,,,Alignment Health,Healthcare Quality Coordinator | Provider Outreach & Compliance,Anywhere in the U.S.,Remote,Entry,Compliance and Quality,careers,https://alignmenthealthcare.wd12.myworkdayjobs.com/ahc_external/job/Anywhere-in-the-US/Healthcare-Quality-Coordinator---Provider-Outreach---Compliance_R2606-1,c6b13332b7c3
2026-10-04,2026-10-01,44,description,32,,Bachelor's,,VillageMD,Contract Role - Financial Analyst,Remote - New Jersey,Remote,,Revenue Cycle; Data and Analytics,careers,https://shm.wd5.myworkdayjobs.com/Summit_CityMD/job/Remote---New-Jersey/Contract-Role---Financial-Analyst_R54572,b67e9f40a65f
2026-10-04,2026-10-01,46,description,25,2,Bachelor's,,R1 RCM,Privacy Analyst I,"Remote, USA",Remote,Entry,Data and Analytics; Compliance and Quality,careers,https://r1rcm.wd1.myworkdayjobs.com/R1RCM/job/Remote-USA/Privacy-Analyst-I_R260000003711,d24ec5874e93
2026-10-04,2026-10-01,44,description,45,1,,CRCR,Premier Health,Supervisor- Patient Access,"Dayton, OH",Dayton area,Senior,Patient Services,careers,https://premierhealth.eightfold.ai/careers/job/790318707362,c3b74cc7a2d9
2026-10-04,2026-10-01,55,description,77,1,Bachelor's,,Medpace,Home-Based Experienced CRA (Clinical Research Associate)- Bonus/Equity,"Cincinnati, Ohio; Remote",Cincinnati area; Remote,Entry,Clinical Research,careers,https://careers.medpace.com/jobs/11853,64a33e41656a
2026-10-04,2026-10-01,57,description,69,2,Bachelor's,,Medpace,Clinical Research Coordinator to Home-Based CRA (Clinical Research Associate),"Philadelphia, Pennsylvania; Remote",Remote,Entry,Clinical Research,careers,https://careers.medpace.com/jobs/12936,47761674fb68
2026-10-04,2026-10-01,57,description,69,2,Bachelor's,,Medpace,Clinical Research Coordinator to Home-Based CRA (Clinical Research Associate),"Boston, Massachusetts; Remote",Remote,Entry,Clinical Research,careers,https://careers.medpace.com/jobs/12935,67abfdd70a04
2026-10-04,2026-10-01,59,description,69,2,Bachelor's,,Medpace,Clinical Research Coordinator to Home-Based CRA (Clinical Research Associate),"San Francisco, California; Remote",Remote,Entry,Clinical Research,careers,https://careers.medpace.com/jobs/11849,503f7af4e025
2026-10-04,2026-10-01,57,description,69,2,Bachelor's,,Medpace,Clinical Research Coordinator to Home-Based CRA (Clinical Research Associate),United States; Remote,Remote,Entry,Clinical Research,careers,https://careers.medpace.com/jobs/11847,2663b33ebda5
2026-10-04,2026-10-01,57,description,70,2,Bachelor's,,Medpace,Clinical Research Associate - Clinical Research Coordinator Experience,"Cincinnati, Ohio",Cincinnati area,Entry,Clinical Research,careers,https://careers.medpace.com/jobs/11848,ac8ca6bdaebd
2026-10-04,2026-10-01,43,description,55,1,Master's,,Medpace,Clinical Research Site Relationship Coordinator,"Cincinnati, Ohio",Cincinnati area,Entry,Clinical Research,careers,https://careers.medpace.com/jobs/12968,3daaa1c4659b
2026-10-04,2026-10-01,33,description,62,2,Bachelor's; Master's,,Medpace,Experienced Clinical Trials Proposal Writer,"Cincinnati, Ohio",Cincinnati area,,Clinical Research,careers,https://careers.medpace.com/jobs/11875,c5f41dd99679
2026-10-04,2026-10-01,34,description,60,3,Bachelor's; Master's; PhD,,Medpace,Experienced Clinical Trials Feasibility Coordinator,"Cincinnati, Ohio",Cincinnati area,Entry,Clinical Research,careers,https://careers.medpace.com/jobs/11874,d50f9a30238d
2026-10-04,2026-10-01,44,description,71,,Bachelor's,,Medpace,Clinical Trial Project Manager - Infectious Diseases - Cincinnati,"Cincinnati, Ohio",Cincinnati area,,Clinical Research; Project and Program,careers,https://careers.medpace.com/jobs/12089,2e3d5084f3e6
2026-10-04,2026-10-01,44,description,71,,Bachelor's,,Medpace,Clinical Trial Project Manager - Immunology - Cincinnati,"Cincinnati, Ohio",Cincinnati area,,Clinical Research; Project and Program,careers,https://careers.medpace.com/jobs/12082,9592d7f2b2b7
2026-10-04,2026-10-01,37,description,56,,PhD,,Medpace,Associate Clinical Trial Manager - PhD - Postdoctoral - Infectious Diseases - Cincinnati,"Cincinnati, Ohio",Cincinnati area,Senior,Clinical Research,careers,https://careers.medpace.com/jobs/12020,cae2810ba158
2026-10-04,2026-10-01,37,description,56,,PhD,,Medpace,Associate Clinical Trial Manager - PhD - Immunology - Cincinnati,"Cincinnati, Ohio",Cincinnati area,Senior,Clinical Research,careers,https://careers.medpace.com/jobs/12017,5976c760b0b0
2026-10-04,2026-10-01,34,description,59,,Bachelor's; Master's; PhD,,Medpace,Entry Clinical Trials Feasibility Specialist,"Cincinnati, Ohio",Cincinnati area,Entry,Clinical Research,careers,https://careers.medpace.com/jobs/11871,40a8eb3b1342
2026-10-04,2026-10-01,33,description,63,,Bachelor's; Master's,,Medpace,Entry Clinical Trials Proposal Writer,"Cincinnati, Ohio",Cincinnati area,Entry,Clinical Research,careers,https://careers.medpace.com/jobs/11872,2ba24a516d4c
2026-10-04,2026-10-01,51,description,57,4,,,McKesson,Field Reimbursement Services,"USA, TX, Remote; Remote",Remote,,Revenue Cycle,careers,https://mckesson.wd3.myworkdayjobs.com/External_Careers/job/USA-TX-Remote/Field-Reimbursement-Services_JR0155016,ce127ca72db8
2026-10-04,2026-10-01,62,description,55,1,,,Lifepoint Health,Medical Billing Specialist - Remote,"Brentwood, TN, United States; Remote",Remote,,Revenue Cycle,careers,https://ibnjjb.fa.ocs.oraclecloud.com/hcmUI/CandidateExperience/en/sites/CX_1/job/354684,d9120545a0d6
2026-10-04,2026-10-01,33,description,0,5,,,Leidos,Senior Payroll Tax & Compliance Specialist,Remote,Remote,Senior,Compliance and Quality,muse,https://www.themuse.com/jobs/leidos/senior-payroll-tax-compliance-specialist-0a1c13,ef3c1c638f31
2026-10-04,2026-10-01,26,description,31,2,,RN,Humana,"Process Improvement Lead, Medicaid","Columbia, SC; Work at Home - South Carolina",Remote,Senior,Compliance and Quality,careers,https://humana.wd5.myworkdayjobs.com/Humana_External_Career_Site/job/Columbia-SC/Process-Improvement-Lead--Medicaid_R-430479,83e1b7069db2
2026-10-04,2026-10-01,72,description,19,1,,,Humana,Records Retrieval Specialist,Remote Virginia,Remote,,,careers,https://humana.wd5.myworkdayjobs.com/Humana_External_Career_Site/job/Remote-Virginia/Records-Retrieval-Specialist_R-428957-1,970d53305404
2026-10-04,2026-10-01,43,description,37,3,Bachelor's,,Humana,Project Manager 2,Remote Nationwide,Remote,,Project and Program,careers,https://humana.wd5.myworkdayjobs.com/Humana_External_Career_Site/job/Remote-Nationwide/Project-Manager-2_R-431900,32a42054c7b4
2026-10-04,2026-10-01,22,description,11,2,,,Health Care Service Corporation,Analytics & Reporting Analyst (Remote),National Remote; Remote,Remote,,Data and Analytics,careers,https://hcsc.wd1.myworkdayjobs.com/HCSC_External/job/National-Remote/Analytics---Reporting-Analyst--Remote-_R0055859,8c15b938324a
2026-10-04,2026-10-01,50,description,39,2,,,GuideWell,Claims Examiner I - Part TIme,"Irving, TX, United States; United States; Remote",Remote,Entry,Revenue Cycle,careers,https://fa-etum-saasfaprod1.fa.ocs.oraclecloud.com/hcmUI/CandidateExperience/en/sites/CX_1/job/42169,e766907229d1
2026-10-04,2026-10-01,43,description,35,,Bachelor's,,DaVita,Revenue Specialist I (appeals/denials)- Remote/Hybrid,09596 - Tennessee Remote; Remote,Remote,Entry,Revenue Cycle,careers,https://davita.wd1.myworkdayjobs.com/DKC_External/job/09596---Tennessee-Remote/Revenue-Specialist-I--appeals-denials---Remote-Hybrid_R0476258-1,a08521c4aa5c
2026-10-04,2026-10-01,19,description,29,3,,,DaVita,"Performance & Capability Design, Program Manager",01807 - Missouri Remote; Remote,Remote,,Project and Program,careers,https://davita.wd1.myworkdayjobs.com/DKC_External/job/01807---Missouri-Remote/Performance---Capability-Design--Program-Manager_R0468867,cb3d36236cbc
2026-10-04,2026-10-01,33,description,66,2,Bachelor's,,CVS Health,Epic STARS Senior Analyst-Healthy Planet-Reporting or Other,RI - Work from home; Remote,Remote,Senior,Health Information; Data and Analytics,careers,https://cvshealth.wd1.myworkdayjobs.com/CVS_Health_Careers/job/RI---Work-from-home/Epic-STARS-Senior-Analyst_R1046529,df585a3753d9
2026-10-04,2026-10-01,34,description,63,5,,,CVS Health,Senior Epic Ambulatory Build Analyst,Work At Home-Minnesota; Work At Home-Arkansas; Work At Home-Idaho; Work At Home-Texas; Work At Home-Georgia; Work At Home-Montana; Work At Home-Iowa; Work At Home-Wisconsin; Work At Home-Oregon; Work At Home-Washington; Work At Home-New York; Work At Home-District of Columbia; Work At Home-Connecticut; Work At Home-Nebraska; Work At Home-Rhode Island; Work At Home-Tennessee; Work At Home-Kentucky; Work At Home-Ohio; Work At Home-West Virginia; Work At Home-Maryland; Work At Home-Massachusetts; Work At Home-South Carolina; Work At Home-Missouri; Work At Home - Utah; Work At Home-Arizona; Work At Home-South Dakota; Work At Home-Pennsylvania; Work At Home-New Hampshire; Work At Home-Vermont; Work At Home-New Mexico; Work At Home-Michigan; Work At Home-California; Work At Home-Maine; Work At Home-North Dakota; Work At Home-Kansas; Work At Home-Indiana; Work At Home-New Jersey; Work At Home-Nevada; Work At Home-Louisiana; Work At Home-Mississippi; Work At Home-Oklahoma; Work At Home-Alabama; Work At Home-Virginia; Work At Home-Illinois; Work At Home-North Carolina; Work At Home-Colorado; Work At Home-Florida; Work At Home-Wyoming; Work At Home-Delaware; Remote,Remote,Senior,Health Information; Data and Analytics,careers,https://cvshealth.wd1.myworkdayjobs.com/CVS_Health_Careers/job/Work-At-Home-Minnesota/Senior-Software-Development-Engineer_R1044211,489a5aefa9cf
2026-10-04,2026-10-01,32,description,62,2,,,CVS Health,"Senior Coordinator, Complaint & Appeals",NV - Work from home; Remote,Remote,Senior,Revenue Cycle,careers,https://cvshealth.wd1.myworkdayjobs.com/CVS_Health_Careers/job/NV---Work-from-home/Senior-Coordinator--Complaint---Appeals_R1053049,92b62b0f8079
2026-10-04,2026-10-01,18,description,14,2,Bachelor's; Master's,,Cincinnati Children's,"Quality Improvement Specialist II, Learning Networks","Offices at Vernon Place, Cincinnati, OH",Cincinnati area,,Compliance and Quality,careers,https://cincinnatichildrens.wd5.myworkdayjobs.com/careersatcincinnatichildrens/job/Offices-at-Vernon-Place/Quality-Improvement-Specialist-II--Learning-Networks_JR221427,9dd1e515a9c4
2026-10-04,2026-10-01,51,description,40,1,Bachelor's; Master's,,Cincinnati Children's,Clinical Research Coordinator II/III - Hospital Medicine,"Burnet Campus, Cincinnati, OH",Cincinnati area,Senior,Clinical Research,careers,https://cincinnatichildrens.wd5.myworkdayjobs.com/careersatcincinnatichildrens/job/Burnet-Campus/Clinical-Research-Coordinator-II-III---Hospital-Medicine_JR225919,6cfa11b92385
2026-10-04,2026-10-01,51,description,43,5,Bachelor's,,Cigna Group,Data Measurement & Reporting Analyst - Express Scripts - Remote,United States Work at Home; Remote,Remote,,Data and Analytics,careers,https://cigna.wd5.myworkdayjobs.com/cignacareers/job/United-States-Work-at-Home/Data-Measurement---Reporting-Analyst---Express-Scripts---Remote_26011848,2893e2b0f0bc
2026-10-04,2026-10-01,36,description,9,4,,,Centene,Senior Quality Auditor,Remote-MO,Remote,Senior,Compliance and Quality,careers,https://centene.wd5.myworkdayjobs.com/Centene_External/job/Remote-MO/Senior-Quality-Auditor_1658226-1,5ef2c1c42ff8
2026-10-04,2026-10-01,36,description,0,3,Bachelor's; Master's; PhD,,Centene,Senior Compliance Analyst - Regulatory Change Management,Remote-MO,Remote,Senior,Clinical Research; Data and Analytics; Compliance and Quality,careers,https://centene.wd5.myworkdayjobs.com/Centene_External/job/Remote-MO/Senior-Compliance-Analyst---Regulatory-Change-Management_1664629,dca1a5de02a3
2026-10-04,2026-10-01,34,description,41,3,Bachelor's,,Centene,Program Manager II-Recovery Operations/Payment Integrity,Remote-MO; Remote-GA; Remote-NC; Remote-TX; Remote-IL; Remote-FL,Remote,,Project and Program,careers,https://centene.wd5.myworkdayjobs.com/Centene_External/job/Remote-MO/Program-Manager-II-Recovery-Operations_1663154-1,a875d8e08d80
2026-10-04,2026-10-01,32,description,18,2,,,Centene,Case Auditor,Remote-OK,Remote,,Compliance and Quality,careers,https://centene.wd5.myworkdayjobs.com/Centene_External/job/Remote-OK/Case-Auditor_1664406-1,1f25107400d0
2026-10-04,2026-10-01,45,description,81,5,Bachelor's,,CareSource,EES Program Manager,Remote; Remote,Remote,,Project and Program,careers,https://caresource.wd1.myworkdayjobs.com/CareSource/job/Remote/EES-Program-Manager_R13866,a02003d8991d
2026-10-04,2026-10-01,50,description,81,1,,,CareSource,Project Manager I - Integration/Government Sponsored Healthcare Programs,Remote; Remote,Remote,Entry,Project and Program,careers,https://caresource.wd1.myworkdayjobs.com/CareSource/job/Remote/Project-Manager-I_R13831,ed5cfd7c52ba
2026-10-04,2026-10-01,52,description,75,4,Bachelor's,,Cardinal Health,"Supervisor, Insurance Verification- Authorization/Intake",US-Nationwide-FIELD,Remote,Senior,Revenue Cycle,careers,https://cardinalhealth.wd1.myworkdayjobs.com/EXT/job/US-Nationwide-FIELD/Supervisor--Insurance-Verification--Authorization-Intake_20188250,663cb0530f89
2026-10-04,2026-10-01,41,description,34,7,Master's; PhD,,Baxter,"Sr Mgr, Regulatory Affairs","Deerfield, Illinois; Boston, MA (remote); Alabama (remote); Raleigh, NC (remote)",Remote,Senior,Clinical Research; Compliance and Quality,careers,https://baxter.wd1.myworkdayjobs.com/baxter/job/Deerfield-Illinois/Sr-Mgr--Regulatory-Affairs_JR-204832-2,9d8fed66e6fc
2026-10-04,2026-10-01,72,description,35,2,Bachelor's,CCS,Ascension,Revenue Integrity Manager,United States; Remote,Remote,Senior,Revenue Cycle,careers,https://ibpcjb.fa.ocs.oraclecloud.com/hcmUI/CandidateExperience/en/sites/CX_1004/job/1324791,c7ede0722539
2026-10-04,2026-10-01,56,description,42,4,Bachelor's,,Aledade,Encounter Data Submissions Program Manager,"Remote, United States; Arlington, VA; Remote",Remote,,Project and Program,careers,https://jobs.lever.co/aledade/b527a993-d54b-46fe-a406-d940bcb6673d,9d8eeb3680ad
2026-10-04,2026-09-30,31,description,66,5,Bachelor's,,Tenet Healthcare,Lead Program/Project Manager - Remote based in the US,United States; Remote,Remote,Senior,Project and Program,careers,https://eodr.fa.us2.oraclecloud.com/hcmUI/CandidateExperience/en/sites/CX_1001/job/2603024662,6e00a7f25728
2026-10-04,2026-09-30,58,description,29,2,,,Sharecare,ROI Medical Records Specialist - Remote,Remote,Remote,,Health Information,careers,https://sharecare.wd1.myworkdayjobs.com/Sharecare_Careers/job/Remote/ROI-Medical-Records-Specialist---Remote_R-102092,e7db6e97ee9e
2026-10-04,2026-09-30,38,description,49,5,,,R1 RCM,Senior Analytics Analyst – Epic Revenue Cycle Reporting,"Remote, USA",Remote,Senior,Health Information; Revenue Cycle; Data and Analytics,careers,https://r1rcm.wd1.myworkdayjobs.com/R1RCM/job/Remote-USA/Sr-Analytics-Analyst_R260000006576,b42bae5c5f00
2026-10-04,2026-09-30,29,description,28,1,,,Premier Health,Patient Access Specialist,"Middletown, OH",Cincinnati area,,Patient Services,careers,https://premierhealth.eightfold.ai/careers/job/790318722408,b1d41ae51273
2026-10-04,2026-09-30,16,description,12,5,Bachelor's,,Premier Health,Regulatory Specialist Coord,"Troy, OH",Dayton area,,Clinical Research; Compliance and Quality,careers,https://premierhealth.eightfold.ai/careers/job/790317324624,508ac0249d99
2026-10-04,2026-09-30,63,description,41,3,Bachelor's,CRCR,Premier Health,Regional Manager-Patient Access,"Dayton, OH",Dayton area,Senior,Patient Services,careers,https://premierhealth.eightfold.ai/careers/job/790318673530,490b45958ecf
2026-10-04,2026-09-30,37,description,56,,PhD,,Medpace,Associate Clinical Trial Manager - PhD - Postdoctoral - CNS/Neuroscience - Cincinnati,"Cincinnati, Ohio",Cincinnati area,Senior,Clinical Research,careers,https://careers.medpace.com/jobs/12026,b5a6c9c07d33
2026-10-04,2026-09-30,51,description,57,4,,,McKesson,Field Reimbursement Manager,"USA, MA, Boston; Work at Home - New York, USA (WNYA); Remote",Remote,Senior,Revenue Cycle,careers,https://mckesson.wd3.myworkdayjobs.com/External_Careers/job/USA-MA-Boston/Field-Reimbursement-Manager_JR0154938,8be8776ef2be
2026-10-04,2026-09-30,32,description,26,6,Bachelor's,,Johnson & Johnson,Senior Regulatory Affairs Program Lead (OTTAVA) - MedTech Surgery,"Santa Clara, California, United States of America; Remote (US)",Remote,Senior,Clinical Research; Compliance and Quality; Project and Program,careers,https://jj.wd5.myworkdayjobs.com/JJ/job/Santa-Clara-California-United-States-of-America/Senior-Regulatory-Affairs-Program-Lead--OTTAVA----MedTech-Surgery_R-102205-1,af6976d4e2bb
2026-10-04,2026-09-30,27,description,50,1,Bachelor's; Master's,,Humana,Senior IT Project Manager,"Remote Kentucky; Charlotte, NC; Louisville, KY; Tampa, FL; Fort Lauderdale, FL; Washington, DC; Chicago, IL; Atlanta, GA; Nashville, TN; Boston, MA",Remote,Senior,Project and Program,careers,https://humana.wd5.myworkdayjobs.com/Humana_External_Career_Site/job/Remote-Kentucky/Senior-IT-Project-Manager_R-431477,81ff2ac23e4c
2026-10-04,2026-09-30,50,description,39,2,,,GuideWell,Claims Examiner I,"San Antonio, TX, United States; United States; Remote",Remote,Entry,Revenue Cycle,careers,https://fa-etum-saasfaprod1.fa.ocs.oraclecloud.com/hcmUI/CandidateExperience/en/sites/CX_1/job/42160,1670b9c70af8
2026-10-04,2026-09-30,76,description,60,2,,RHIA; RHIT; CDIP; CCDS; RN,Guidehouse,CDI Supervisor,US - Remote (Any location),Remote,Senior,Clinical Documentation,careers,https://guidehouse.wd1.myworkdayjobs.com/External/job/US---Remote-Any-location/CDI-Supervisor_44844,c4b9f8aab8b1
2026-10-04,2026-09-30,80,description,31,6,Master's,CRCR,Ensemble Health Partners,Charge Description Master Analyst II,Remote - Nationwide,Remote,,Revenue Cycle; Data and Analytics,careers,https://ensemblehp.wd5.myworkdayjobs.com/ensemblehealthpartnerscareers/job/Remote---Nationwide/Charge-Description-Master-Analyst-II_R052342-1,df8dc3736bde
2026-10-04,2026-09-30,82,description,72,3,Bachelor's,,Ensemble Health Partners,Epic Application Analyst,Remote - Nationwide,Remote,,Health Information; Data and Analytics,careers,https://ensemblehp.wd5.myworkdayjobs.com/ensemblehealthpartnerscareers/job/Remote---Nationwide/Epic-Application-Analyst_R047983,c9df87bd586d
2026-10-04,2026-09-30,26,description,29,1,Bachelor's; Master's,RN,Elevance Health,Manager Clinical Operations & Education/Instruction (US),"TX-PLANO, 3033 W PRESIDENT GEORGE BUSH HWY, STE 100; GA-ATLANTA, 740 W PEACHTREE ST NW; OH-CINCINNATI, 3075 VANDERCAR WAY; MO-ST. LOUIS, 100 S 4TH ST; TX-GRAND PRAIRIE, 2505 N HWY 360, STE 200 & 300",Cincinnati area,Senior,Clinical Research,careers,https://elevancehealth.wd1.myworkdayjobs.com/ANT/job/TX-PLANO-3033-W-PRESIDENT-GEORGE-BUSH-HWY-STE-100/Manager-Clinical-Operations---Education-Instruction--US-_JR208877,4826cd925669
2026-10-04,2026-09-30,21,description,30,3,Bachelor's,,Elevance Health,Account Specialist,"OH-MASON, 4241 IRWIN SIMPSON RD",Cincinnati area,,,careers,https://elevancehealth.wd1.myworkdayjobs.com/ANT/job/OH-MASON-4241-IRWIN-SIMPSON-RD/Account-Specialist_JR203270-1,2a9e28a89eb1
2026-10-04,2026-09-30,75,description,34,2,Bachelor's,CPC,CVS Health,"Sr Analyst Analytics, Revenue Cycle(EPIC Reporting)",IL - Work from home; Remote,Remote,Senior,Health Information; Revenue Cycle; Data and Analytics,careers,https://cvshealth.wd1.myworkdayjobs.com/CVS_Health_Careers/job/IL---Work-from-home/Sr-Analyst-Analytics--Revenue-Cycle-EPIC-Reporting-_R1026094,02dd93fa624a
2026-10-04,2026-09-30,35,description,61,2,Bachelor's,,Cleveland Clinic,Project Manager II - Education AI,Cleveland Clinic Main Campus; Remote Location,Remote,,Project and Program,careers,https://ccf.wd1.myworkdayjobs.com/ClevelandClinicCareers/job/Cleveland-Clinic-Main-Campus/Project-Manager-II---Education-Operations_332204-1,61f89ae7e6fb
2026-10-04,2026-09-30,56,description,50,1,Bachelor's; Master's,,Cincinnati Children's,Clinical Research Coordinator III - Orthopaedics & Sports Medicine,"Burnet Campus, Cincinnati, OH",Cincinnati area,Senior,Clinical Research,careers,https://cincinnatichildrens.wd5.myworkdayjobs.com/careersatcincinnatichildrens/job/Burnet-Campus/Clinical-Research-Coordinator-III-1_JR223682,97221c492fba
2026-10-04,2026-09-30,33,description,22,4,Bachelor's; Master's,,Centene,Senior HEDIS Quality & Audit Analyst,Remote-MO,Remote,Senior,Data and Analytics; Compliance and Quality,careers,https://centene.wd5.myworkdayjobs.com/Centene_External/job/Remote-MO/Senior-HEDIS-Quality---Audit-Analyst_1653774,ce72d16ec9e2
2026-10-04,2026-09-30,29,description,6,3,Bachelor's,,Centene,Accreditation Specialist,Remote-GA,Remote,,Compliance and Quality,careers,https://centene.wd5.myworkdayjobs.com/Centene_External/job/Remote-GA/Accreditation-Specialist_1649722,e03612149bba
2026-10-04,2026-09-30,41,description,40,3,Bachelor's,,Centene,Medicare Compliance Advisory Project Manager II,Remote-MO,Remote,,Compliance and Quality; Project and Program,careers,https://centene.wd5.myworkdayjobs.com/Centene_External/job/Remote-MO/Medicare-Compliance-Advisory-Project-Manager-II_1663754,56d15f4de062
2026-10-04,2026-09-30,57,description,30,5,,CPC; RN,Centene,"Supervisor, Payment Integrity - Appeals & Disputes",Remote-MO; Remote-GA; Remote-TX; Remote-IL; Remote-FL,Remote,Senior,Revenue Cycle,careers,https://centene.wd5.myworkdayjobs.com/Centene_External/job/Remote-MO/Supervisor--Payment-Integrity---Appeals---Disputes_1663758,a0bedf26e693
2026-10-04,2026-09-30,59,description,40,4,Bachelor's,,Cardinal Health,"Claims Audit Supervisor, Revenue Cycle Managment",US-Nationwide-FIELD,Remote,Senior,Revenue Cycle; Compliance and Quality,careers,https://cardinalhealth.wd1.myworkdayjobs.com/EXT/job/US-Nationwide-FIELD/Claims-Audit-Supervisor--Revenue-Cycle-Managment_20188110,81622bf93148
2026-10-04,2026-09-30,38,description,20,4,,,Aledade,Payer Operations Analyst,"Remote, United States; Remote",Remote,,Revenue Cycle; Data and Analytics,careers,https://jobs.lever.co/aledade/a4d5d93f-fcf8-40c4-a370-7ebec80bb1ab,ea32e0fbfeb3
2026-10-04,2026-09-29,53,description,49,,Bachelor's,,TriHealth,Clinical Research Coordinator,"Cincinnati, OH, United States",Cincinnati area,Entry,Clinical Research,careers,https://fa-evly-saasfaprod1.fa.ocs.oraclecloud.com/hcmUI/CandidateExperience/en/sites/CX_1/job/310618,da63eeeda3e6
2026-10-04,2026-09-29,58,description,57,4,Bachelor's; Master's,CPC,TriHealth,Revenue Integrity Analyst,"Cincinnati, OH, United States",Cincinnati area,,Revenue Cycle; Data and Analytics,careers,https://fa-evly-saasfaprod1.fa.ocs.oraclecloud.com/hcmUI/CandidateExperience/en/sites/CX_1/job/312163,b86e7665ba42
2026-10-04,2026-09-29,49,description,45,3,Bachelor's,CRCR,Premier Health,Manager - Patient Access,"Centerville, OH",Dayton area,Senior,Patient Services,careers,https://premierhealth.eightfold.ai/careers/job/790318598814,c51c7bd5198a
2026-10-04,2026-09-29,40,description,0,3,,,Premier Health,Revenue Analyst / Cdm,"Dayton, OH",Dayton area,,Revenue Cycle; Data and Analytics,careers,https://premierhealth.eightfold.ai/careers/job/790317889024,97eee22eb078
2026-10-04,2026-09-29,41,description,21,3,,,Premier Health,Epic Support Specialist-Ppn,"Dayton, OH",Dayton area,,Health Information,careers,https://premierhealth.eightfold.ai/careers/job/790318508540,b616bb474b4b
2026-10-04,2026-09-29,51,description,58,4,,,McKesson,Field Reimbursement Manager,"USA, CA, Remote; Remote",Remote,Senior,Revenue Cycle,careers,https://mckesson.wd3.myworkdayjobs.com/External_Careers/job/USA-CA-Remote/Field-Reimbursement-Manager_JR0152827,b3e9ee3fc1f4
2026-10-04,2026-09-29,52,description,60,4,,,McKesson,Field Reimbursement Manager,"USA, CA, Remote; USA, MI, Remote; USA, GA, Remote; USA, WI, Remote; USA, IL, Remote; USA, MO, Remote; USA, MN, Remote; USA, FL, Remote; USA, DC, Remote; USA, NY, Remote; USA, NC, Remote; USA, IN, Remote; Remote",Remote,Senior,Revenue Cycle,careers,https://mckesson.wd3.myworkdayjobs.com/External_Careers/job/USA-CA-Remote/Field-Reimbursement-Manager_JR0153975,2d39980ab3db
2026-10-04,2026-09-29,40,description,27,5,,,Humana,Senior Process Improvement Professional,Remote Nationwide,Remote,Senior,Compliance and Quality,careers,https://humana.wd5.myworkdayjobs.com/Humana_External_Career_Site/job/Remote-Nationwide/Senior-Process-Improvement-Professional_R-429240,5059df0a15e2
2026-10-04,2026-09-29,33,description,51,3,,,Humana,Senior Accreditation & Licensing Professional,Remote Kentucky,Remote,Senior,Compliance and Quality,careers,https://humana.wd5.myworkdayjobs.com/Humana_External_Career_Site/job/Remote-Kentucky/Senior-Accreditation---Licensing-Professional_R-430704-1,f54ae1e09685
2026-10-04,2026-09-29,35,description,30,1,Bachelor's,,Health Care Service Corporation,Reimbursement Analyst I - Work From Home,National Remote; Remote,Remote,Entry,Revenue Cycle; Data and Analytics,careers,https://hcsc.wd1.myworkdayjobs.com/HCSC_External/job/National-Remote/Reimbursement-Analyst-I---Work-From-Home_R0055757-1,0788c5507c4c
2026-10-04,2026-09-29,63,description,26,2,,RHIA; RHIT; CCS; CDIP; CCDS; RN,CorroHealth,Part Time CDI Specialist,US - Remote,Remote,,Clinical Documentation,careers,https://corrohealth.wd1.myworkdayjobs.com/Corro/job/US---Remote/Part-Time-CDI-Specialist_JR105903,f9cb66405295
2026-10-04,2026-09-29,61,description,24,,Bachelor's,,CorroHealth,"Coordinator, P2P Appeals",US - Remote,Remote,Entry,Revenue Cycle,careers,https://corrohealth.wd1.myworkdayjobs.com/Corro/job/US---Remote/Coordinator--P2P-Appeals_JR106126,711fc39949a5
2026-10-04,2026-09-29,61,description,23,,Bachelor's,,CorroHealth,"Coordinator, P2P Appeals",US - Remote,Remote,Entry,Revenue Cycle,careers,https://corrohealth.wd1.myworkdayjobs.com/Corro/job/US---Remote/Coordinator--P2P-Appeals_JR106329,26e7b032cc12
2026-10-04,2026-09-29,30,description,21,2,Bachelor's,,Cincinnati Children's,Senior Learning and Development Specialist - Clinical Research,"Burnet Campus, Cincinnati, OH",Cincinnati area,Senior,Clinical Research,careers,https://cincinnatichildrens.wd5.myworkdayjobs.com/careersatcincinnatichildrens/job/Burnet-Campus/Senior-Learning-and-Development-Specialist---Clinical-Research_JR225596,fdb3be2848ac
2026-10-04,2026-09-29,35,description,38,2,Bachelor's; Master's,,Centene,Quality Program Development Manager,Remote-MO; Remote-IL,Remote,Senior,Compliance and Quality,careers,https://centene.wd5.myworkdayjobs.com/Centene_External/job/Remote-MO/Quality-Program-Development-Manager_1659295,d18be8169220
2026-10-04,2026-09-29,30,description,40,3,Bachelor's,,Centene,"Program Manager II-COB, TPL, Subrogation",Remote-MO; Remote-GA; Remote-NC; Remote-TX; Remote-IL; Remote-FL,Remote,,Project and Program,careers,https://centene.wd5.myworkdayjobs.com/Centene_External/job/Remote-MO/Program-Manager-II-COB--TPL--Subrogation_1663156,38cffb8f11bd
2026-10-04,2026-09-29,36,description,62,3,Master's,,Cencora,Managing Consultant - Accreditation Services,"Remote, USA",Remote,Senior,Compliance and Quality,careers,https://myhrabc.wd5.myworkdayjobs.com/Global/job/Remote-USA/Managing-Consultant---Accreditation-Services_R2616999,2f8964b2cc01
2026-10-04,2026-09-29,35,description,58,5,Bachelor's,,Cardinal Health,"Manager, Revenue Cycle - Cash Application & Payment Integrity",US-Nationwide-FIELD,Remote,Senior,Revenue Cycle,careers,https://cardinalhealth.wd1.myworkdayjobs.com/EXT/job/US-Nationwide-FIELD/Manager--Revenue-Cycle---Cash-Application---Payment-Integrity_20188147,15a8dbd71a2a
2026-10-04,2026-09-28,44,description,33,2,,,Sutherland,Team Manager | Healthcare | Credentialing | Claims Processing/Provider Data Management,"Houston, TX, United States; Remote",Remote,Senior,Revenue Cycle; Compliance and Quality,careers,https://jobs.smartrecruiters.com/sutherland/744000152065499,6dd673ff493a
2026-10-04,2026-09-28,36,description,34,3,,,St. Elizabeth Healthcare,Patient Access Specialist- Call Center- Full Time 40 Hours,"Erlanger, Kentucky",Cincinnati area,,Patient Services,careers,https://stelizabeth.wd115.myworkdayjobs.com/StElizabethExternalCareerSite/job/Erlanger-Kentucky/Patient-Access-Specialist--Call-Center--Full-Time-40-Hours_JR314264,afbbc30a7278
2026-10-04,2026-09-28,28,description,32,,,,R1 RCM,"Senior Analytics Analyst, Front-End (Pre-Service) Revenue Cycle","Remote, UT",Remote,Senior,Revenue Cycle; Data and Analytics,careers,https://r1rcm.wd1.myworkdayjobs.com/R1RCM/job/Remote-UT/Senior-Analytics-Analyst--Front-End--Pre-Service--Revenue-Cycle_R260000006506,885b363a79d9
2026-10-04,2026-09-28,51,description,58,4,,,McKesson,Field Reimbursement Manager,"USA, IL, Remote; Work at Home - Michigan, USA (WMIA); Remote",Remote,Senior,Revenue Cycle,careers,https://mckesson.wd3.myworkdayjobs.com/External_Careers/job/USA-IL-Remote/Field-Reimbursement-Manager_JR0154621,72abf928d524
2026-10-04,2026-09-28,52,description,36,2,,,McKesson,Biologics Payer Audit and Accreditation Specialist,"USA, TX, Remote",Remote,,Revenue Cycle; Compliance and Quality,careers,https://mckesson.wd3.myworkdayjobs.com/External_Careers/job/USA-TX-Remote/Biologics-Payer-Audit-and-Accreditation-Specialist_JR0153494,414b13c96acd
2026-10-04,2026-09-28,51,description,54,2,Bachelor's,,Kroger,CORP ENT SOURCING/SR SUPPLIER COMPLIANCE ANALYST,"Cincinnati, OH, United States",Cincinnati area,Senior,Data and Analytics; Compliance and Quality,careers,https://eluq.fa.us2.oraclecloud.com/hcmUI/CandidateExperience/en/sites/CX_2001/job/234655,87752edc1e5a
2026-10-04,2026-09-28,58,description,51,3,Bachelor's; Master's; PhD,CCRP,Johnson & Johnson,"Clinical Research Leader, Neurovascular","Irvine, California, United States of America; Remote (US)",Remote,,Clinical Research,careers,https://jj.wd5.myworkdayjobs.com/JJ/job/Irvine-California-United-States-of-America/Clinical-Research-Leader--Neurovascular_R-058204-1,294c2065ea3c
2026-10-04,2026-09-28,34,description,32,3,,,Humana,Senior Project Manager,Remote Nationwide,Remote,Senior,Project and Program,careers,https://humana.wd5.myworkdayjobs.com/Humana_External_Career_Site/job/Remote-Nationwide/Senior-Project-Manager_R-427981,95164e2bfc14
2026-10-04,2026-09-28,43,description,32,,Bachelor's,,GE HealthCare,"Global Regulatory Affairs Portfolio Lead, Marketed Products, Radiopharma",Remote,Remote,Senior,Clinical Research; Compliance and Quality,careers,https://gehc.wd5.myworkdayjobs.com/GEHC_ExternalSite/job/Remote/Global-Regulatory-Affairs-Portfolio-Lead--Marketed-Products--Radiopharma_R4045281-1,4c2b2eb726a1
2026-10-04,2026-09-28,56,description,50,1,Bachelor's; Master's,,Cincinnati Children's,Clinical Research Coordinator III,"Burnet Campus, Cincinnati, OH",Cincinnati area,Senior,Clinical Research,careers,https://cincinnatichildrens.wd5.myworkdayjobs.com/careersatcincinnatichildrens/job/Burnet-Campus/Clinical-Research-Coordinator-III_JR219637,467bd1ec4ffe
2026-10-04,2026-09-28,40,description,64,2,Bachelor's,,Cincinnati Children's,"Clinical Research Coordinator II, Various Departments","Burnet Campus, Cincinnati, OH",Cincinnati area,Entry,Clinical Research,careers,https://cincinnatichildrens.wd5.myworkdayjobs.com/careersatcincinnatichildrens/job/Burnet-Campus/Clinical-Research-Coordinator-II--Various-Departments_JR225885,30d664c87e70
2026-10-04,2026-09-28,34,description,24,4,Bachelor's; Master's,,Centene,Project Manager III - Strategic Business Initiatives,Remote-MO,Remote,Senior,Project and Program,careers,https://centene.wd5.myworkdayjobs.com/Centene_External/job/Remote-MO/Project-Manager--III---Strategic-Business-Initiatives_1661671,7900f544967d
2026-10-04,2026-09-28,34,description,4,7,Bachelor's; Master's,,Centene,"Compliance Officer, Arizona",Remote-AZ,Remote,,Compliance and Quality,careers,https://centene.wd5.myworkdayjobs.com/Centene_External/job/Remote-AZ/Compliance-Officer--Arizona_1661674,3881193b4938
2026-10-04,2026-09-28,37,description,46,8,Bachelor's; Master's,,Centene,"Program Manager IV – AWS Connect, Telephony",Remote-MO; Remote-GA; Remote-NE; Remote-FL; Remote-WA State; Remote-NY; Remote-SC; Remote-NC; Remote-IL; Remote-MD; Remote-VA; Remote-MA; Remote-PA; Remote-NJ; Remote-TX; Remote-CA,Remote,Senior,Project and Program,careers,https://centene.wd5.myworkdayjobs.com/Centene_External/job/Remote-MO/Program-Manager-IV---AWS-Connect--Telephony_1660136,7fca5bdb7922
2026-10-04,2026-09-28,43,description,21,5,Bachelor's,,Cardinal Health,"Manager, Revenue Cycle - InRule Administration",US-Nationwide-FIELD,Remote,Senior,Revenue Cycle,careers,https://cardinalhealth.wd1.myworkdayjobs.com/EXT/job/US-Nationwide-FIELD/Manager--Revenue-Cycle---InRule-Administration_20188148,ed400cc68cae
2026-10-04,2026-09-28,47,description,30,2,Bachelor's,CCDS,Ascension,Clinical Documentation Specialist Audit and Education,United States; Remote,Remote,,Clinical Documentation; Compliance and Quality,careers,https://ibpcjb.fa.ocs.oraclecloud.com/hcmUI/CandidateExperience/en/sites/CX_1004/job/1303780,6fbaccc55707
2026-10-04,2026-09-28,22,description,7,2,Bachelor's,,Ascension,Infusion Program Manager,United States; Remote,Remote,,Project and Program,careers,https://ibpcjb.fa.ocs.oraclecloud.com/hcmUI/CandidateExperience/en/sites/CX_1004/job/1319361,675573c3b82d
2026-10-04,2026-09-28,54,description,64,2,Bachelor's,CCS; CPC; CDIP; CCDS; RN,Ascension,Clinical Documentation Manager,United States; Remote,Remote,Senior,Clinical Documentation,careers,https://ibpcjb.fa.ocs.oraclecloud.com/hcmUI/CandidateExperience/en/sites/CX_1004/job/1317209,d872edc8add8
2026-10-04,2026-09-28,50,description,45,1,Bachelor's,CCDS,Ascension,Lead Clinical Documentation Specialist,United States; Remote,Remote,Senior,Clinical Documentation,careers,https://ibpcjb.fa.ocs.oraclecloud.com/hcmUI/CandidateExperience/en/sites/CX_1004/job/1320524,115e223d1bd6
2026-10-04,2026-09-28,70,description,46,2,Bachelor's,CCS; CRCR,Ascension,Backend Revenue Cycle Manager,United States; Remote,Remote,Senior,Revenue Cycle,careers,https://ibpcjb.fa.ocs.oraclecloud.com/hcmUI/CandidateExperience/en/sites/CX_1004/job/1320495,644be6f156a5
2026-10-04,2026-09-28,36,description,16,2,Bachelor's,CCDS,Ascension,Manager of Clinical Documentation Analysts,United States; Remote,Remote,Senior,Clinical Documentation; Data and Analytics,careers,https://ibpcjb.fa.ocs.oraclecloud.com/hcmUI/CandidateExperience/en/sites/CX_1004/job/1319588,c135f5c7a523
2026-10-04,2026-09-28,14,title,,,,,Ascension,Manager of Denials,United States; Remote,Remote,Senior,Revenue Cycle,careers,https://ibpcjb.fa.ocs.oraclecloud.com/hcmUI/CandidateExperience/en/sites/CX_1004/job/2026-459751,74a2af62ecdf
2026-10-04,2026-09-28,12,title,,,,,Ascension,Revenue Cycle Educator,United States; Remote,Remote,,Revenue Cycle,careers,https://ibpcjb.fa.ocs.oraclecloud.com/hcmUI/CandidateExperience/en/sites/CX_1004/job/2026-457360,b2915e8fe686
2026-10-04,2026-09-28,47,description,22,2,Bachelor's,CCDS,Ascension,Clinical Documentation Specialist Audit and Education,United States; Remote,Remote,,Clinical Documentation; Compliance and Quality,careers,https://ibpcjb.fa.ocs.oraclecloud.com/hcmUI/CandidateExperience/en/sites/CX_1004/job/1300238,e744826c5eb3
2026-10-04,2026-09-25,65,description,96,3,Bachelor's,,UC Health,"Patient Concierge Coordinator, Ambulatory Scheduling, Full Time, First Shift","Cincinnati, OH, United States",Cincinnati area,Entry,Clinical Research; Patient Services,careers,https://eswt.fa.us6.oraclecloud.com/hcmUI/CandidateExperience/en/sites/CX_1001/job/24521,3fdd8940926a
2026-10-04,2026-09-25,34,description,56,,Bachelor's,,UC Health,Senior Project Analyst,"Cincinnati, OH, United States",Cincinnati area,Senior,Data and Analytics; Project and Program,careers,https://eswt.fa.us6.oraclecloud.com/hcmUI/CandidateExperience/en/sites/CX_1001/job/24565,9738f2710aad
2026-10-04,2026-09-25,40,description,62,,Bachelor's,,Medpace,Entry-Level Research Project Coordinator,"Cincinnati, Ohio",Cincinnati area,Entry,Project and Program,careers,https://careers.medpace.com/jobs/12353,c67203a4c2fa
2026-10-04,2026-09-25,40,description,62,,Bachelor's,,Medpace,Clinical Research Project Coordinator - Neuroscience,"Cincinnati, Ohio",Cincinnati area,Entry,Clinical Research; Project and Program,careers,https://careers.medpace.com/jobs/12445,2306e4b606c0
2026-10-04,2026-09-25,40,description,62,,Bachelor's,,Medpace,Clinical Research Project Coordinator - Oncology,"Cincinnati, Ohio",Cincinnati area,Entry,Clinical Research; Project and Program,careers,https://careers.medpace.com/jobs/12356,d6e6baa10abd
2026-10-04,2026-09-25,40,description,62,,Bachelor's,,Medpace,Clinical Research Project Coordinator - Ophthalmology,"Cincinnati, Ohio",Cincinnati area,Entry,Clinical Research; Project and Program,careers,https://careers.medpace.com/jobs/12444,9b168b9b5c78
2026-10-04,2026-09-25,40,description,62,,Bachelor's,,Medpace,Clinical Research Project Coordinator - Infectious Disease,"Cincinnati, Ohio",Cincinnati area,Entry,Clinical Research; Project and Program,careers,https://careers.medpace.com/jobs/12357,758d486c4c92
2026-10-04,2026-09-25,40,description,62,,Bachelor's,,Medpace,Clinical Research Project Coordinator - Immunology,"Cincinnati, Ohio",Cincinnati area,Entry,Clinical Research; Project and Program,careers,https://careers.medpace.com/jobs/12359,cb83c738020e
2026-10-04,2026-09-25,40,description,62,,Bachelor's,,Medpace,Clinical Research Project Coordinator - Gastrointestinal/GI,"Cincinnati, Ohio",Cincinnati area,Entry,Clinical Research; Project and Program,careers,https://careers.medpace.com/jobs/12360,5969d5a2a217
2026-10-04,2026-09-25,58,description,66,1,Bachelor's; PhD,,Medpace,Clinical Research Associate (PhD Candidates),"Cincinnati, Ohio",Cincinnati area,Entry,Clinical Research,careers,https://careers.medpace.com/jobs/12249,c3acd262c503
2026-10-04,2026-09-25,40,description,62,,Bachelor's,,Medpace,"Clinical Research Project Coordinator - Cardiovascular, Renal, Metabolic","Cincinnati, Ohio",Cincinnati area,Entry,Clinical Research; Project and Program,careers,https://careers.medpace.com/jobs/12354,2d6985dbf551
2026-10-04,2026-09-25,57,description,68,,Bachelor's,,Medpace,Clinical Research Associate (Pharm D Candidates),"Cincinnati, Ohio",Cincinnati area,Entry,Clinical Research,careers,https://careers.medpace.com/jobs/12251,e86c76a537e7
2026-10-04,2026-09-25,58,description,68,1,Bachelor's,,Medpace,"Clinical Research Associate - Cincinnati, OH (Entry-Level)","Cincinnati, Ohio",Cincinnati area,Entry,Clinical Research,careers,https://careers.medpace.com/jobs/12246,468efe071a8a
2026-10-04,2026-09-25,38,description,48,,PhD,,Medpace,Study Start-Up Coordinator- PhD,"Cincinnati, Ohio",Cincinnati area,Entry,Clinical Research,careers,https://careers.medpace.com/jobs/12382,7e1dfc6c2498
2026-10-04,2026-09-25,33,description,49,1,Bachelor's,,Medpace,Study Start-Up Coordinator (CRC Experience),"Cincinnati, Ohio",Cincinnati area,Entry,Clinical Research,careers,https://careers.medpace.com/jobs/12928,d61fe00004cf
2026-10-04,2026-09-25,38,description,47,,,,Medpace,Study Start-Up Coordinator- PharmD,"Cincinnati, Ohio",Cincinnati area,Entry,Clinical Research,careers,https://careers.medpace.com/jobs/12381,f9b0d203d9c2
2026-10-04,2026-09-25,44,description,53,5,Bachelor's,,Medpace,Study Start-Up Project Manager,"Cincinnati, Ohio",Cincinnati area,,Clinical Research; Project and Program,careers,https://careers.medpace.com/jobs/12383,c081a23f11d2
2026-10-04,2026-09-25,39,description,52,1,Bachelor's,,Medpace,Experienced Study Start-Up Coordinator,"Cincinnati, Ohio",Cincinnati area,Entry,Clinical Research,careers,https://careers.medpace.com/jobs/12379,4d4be334d775
2026-10-04,2026-09-25,37,description,54,,Bachelor's,,Medpace,Entry-Level Study Start-Up Coordinator,"Cincinnati, Ohio",Cincinnati area,Entry,Clinical Research,careers,https://careers.medpace.com/jobs/12306,5194ab078c18
2026-10-04,2026-09-25,35,description,38,,Bachelor's,,Medpace,Clinical Research Documentation Administrator (TMF),"Cincinnati, Ohio",Cincinnati area,,Clinical Research,careers,https://careers.medpace.com/jobs/12561,d9f83dadec38
2026-10-04,2026-09-25,40,description,46,,,,Medpace,Clinical Supply Chain Project Specialist (PharmD Candidates),"Cincinnati, Ohio",Cincinnati area,,Project and Program,careers,https://careers.medpace.com/jobs/12297,0bb2dbd8cc74
2026-10-04,2026-09-25,55,description,16,6,Bachelor's,,Kroger,Sr. Food Safety & Quality Specialist,"Cincinnati, OH, United States",Cincinnati area,Senior,Compliance and Quality,careers,https://eluq.fa.us2.oraclecloud.com/hcmUI/CandidateExperience/en/sites/CX_2001/job/233770,1d0295eb34ba
2026-10-04,2026-09-25,55,description,16,6,Bachelor's,,Kroger,Sr. Food Safety & Quality Specialist - Fresh Kitchens,"Cincinnati, OH, United States",Cincinnati area,Senior,Compliance and Quality,careers,https://eluq.fa.us2.oraclecloud.com/hcmUI/CandidateExperience/en/sites/CX_2001/job/233776,b98579e2e03e
2026-10-04,2026-09-25,46,description,41,1,,CRCR,Ensemble Health Partners,Patient Access Specialist,"Mason, OH; Mercy - Kings Mills Hospital",Cincinnati area,,Patient Services,careers,https://ensemblehp.wd5.myworkdayjobs.com/ensemblehealthpartnerscareers/job/Mason-OH/Patient-Access-Specialist_R052090,fae0c7bae8f2
2026-10-04,2026-09-25,30,description,49,5,Bachelor's,,Elevance Health,Medicare CAHPS & STAR Quality Clinical Program Manager,"OH-MASON, 4241 IRWIN SIMPSON RD; GA-ATLANTA, 740 W PEACHTREE ST NW; NC-DURHAM, 1960 IVY CREEK BLVD, 2ND FL; MO-ST. LOUIS, 100 S 4TH ST; FL-LAKE MARY, 3200 LAKE EMMA RD, STE 1000; IN-INDIANAPOLIS, 220 VIRGINIA AVE",Cincinnati area,,Compliance and Quality; Project and Program,careers,https://elevancehealth.wd1.myworkdayjobs.com/ANT/job/OH-MASON-4241-IRWIN-SIMPSON-RD/Medicare-CAHPS---STAR-Quality-Clinical-Program-Manager_JR208532,7ce418545973
2026-10-04,2026-09-25,58,description,38,2,,,Conifer Health Solutions,Patient Account Sr Representative Remote,United States; Remote,Remote,Senior,Patient Services,careers,https://eodr.fa.us2.oraclecloud.com/hcmUI/CandidateExperience/en/sites/CX_2001/job/2603018965,afe5f768db52
2026-10-04,2026-09-25,47,description,47,2,Bachelor's,,Cincinnati Children's,Senior/Clinical Research QA Specialist - Pulmonary Medicine,"Burnet Campus, Cincinnati, OH",Cincinnati area,Senior,Clinical Research,careers,https://cincinnatichildrens.wd5.myworkdayjobs.com/careersatcincinnatichildrens/job/Burnet-Campus/Senior-Clinical-Research-QA-Specialist---Pulmonary-Medicine_JR225606,e59d534548bb
2026-10-04,2026-09-25,56,description,54,1,Bachelor's; Master's,,Cincinnati Children's,Clinical Research Coordinator III/IV - Allergy - Assa'ad Lab,"Burnet Campus, Cincinnati, OH",Cincinnati area,Senior,Clinical Research,careers,https://cincinnatichildrens.wd5.myworkdayjobs.com/careersatcincinnatichildrens/job/Burnet-Campus/Clinical-Research-Coordinator-III-IV---Allergy---Assa-ad-Lab_JR225715,d6061932542a
2026-10-04,2026-09-25,59,description,43,2,Bachelor's,,Cincinnati Children's,Financial Analyst II - Pulmonary Medicine,"Burnet Campus, Cincinnati, OH",Cincinnati area,,Revenue Cycle; Data and Analytics,careers,https://cincinnatichildrens.wd5.myworkdayjobs.com/careersatcincinnatichildrens/job/Burnet-Campus/Financial-Analyst-II---Pulmonary-Medicine_JR225694,cbbda90fece2
2026-10-04,2026-09-25,53,description,1,2,Bachelor's,,Cencora,Information Security Human Risk Analyst II,"Remote, Pennsylvania; Remote, Texas; Remote, SC",Remote,,Data and Analytics; Compliance and Quality,careers,https://myhrabc.wd5.myworkdayjobs.com/Global/job/Remote-Pennsylvania/Information-Security-Human-Risk-Analyst-II_R2615604,ea9e93da73de
2026-10-04,2026-09-24,32,description,33,3,,,UC Health,"GME Program Coordinator, Ears, Nose, Throat, Full Time, First Shift","Cincinnati, OH, United States",Cincinnati area,Entry,Project and Program,careers,https://eswt.fa.us6.oraclecloud.com/hcmUI/CandidateExperience/en/sites/CX_1001/job/23917,0a00667564b3
2026-10-04,2026-09-24,73,description,62,3,,RN,TriHealth,Supervisor Appeals/Denials,"Norwood, OH, United States",Cincinnati area,Senior,Revenue Cycle,careers,https://fa-evly-saasfaprod1.fa.ocs.oraclecloud.com/hcmUI/CandidateExperience/en/sites/CX_1/job/311854,28da1a77d4ef
2026-10-04,2026-09-24,58,description,31,2,,,Sharecare,ROI Medical Records Specialist - Remote (After Hours),Remote,Remote,,Health Information,careers,https://sharecare.wd1.myworkdayjobs.com/Sharecare_Careers/job/Remote/ROI-Medical-Records-Specialist---Remote--After-Hours-_R-102085,18aba9c9a775
2026-10-04,2026-09-24,58,description,28,2,,,Sharecare,ROI Medical Records Specialist - Remote,Remote,Remote,,Health Information,careers,https://sharecare.wd1.myworkdayjobs.com/Sharecare_Careers/job/Remote/ROI-Medical-Records-Specialist---Remote_R-102075,5d47daee4e6d
2026-10-04,2026-09-24,51,description,59,4,,,McKesson,Field Reimbursement Manager,"USA, KY, Remote; Work at Home - Ohio, USA (WOHA); Work at Home - Tennessee, USA (WTNA); Work at Home - Indiana, USA (WINA); USA, MO, Remote; Remote",Remote,Senior,Revenue Cycle,careers,https://mckesson.wd3.myworkdayjobs.com/External_Careers/job/USA-KY-Remote/Field-Reimbursement-Manager_JR0151331,fdee3a435e12
2026-10-04,2026-09-24,51,description,58,4,,,McKesson,Field Reimbursement Manager,"USA, MI, Remote; Remote",Remote,Senior,Revenue Cycle,careers,https://mckesson.wd3.myworkdayjobs.com/External_Careers/job/USA-MI-Remote/Field-Reimbursement-Manager_JR0154594,1d17ef6158e0
2026-10-04,2026-09-24,51,description,58,4,,,McKesson,Field Reimbursement Manager,"USA, KY, Remote; Remote",Remote,Senior,Revenue Cycle,careers,https://mckesson.wd3.myworkdayjobs.com/External_Careers/job/USA-KY-Remote/Field-Reimbursement-Manager_JR0154591,ea6c5078b299
2026-10-04,2026-09-24,50,description,36,2,,,GuideWell,Claims Examiner I,"United States; San Antonio, TX, United States; Irving, TX, United States; Remote",Remote,Entry,Revenue Cycle,careers,https://fa-etum-saasfaprod1.fa.ocs.oraclecloud.com/hcmUI/CandidateExperience/en/sites/CX_1/job/42122,2131ca8dd417
2026-10-04,2026-09-24,50,description,39,2,,,GuideWell,Claims Examiner I,"United States; San Antonio, TX, United States; Irving, TX, United States; Remote",Remote,Entry,Revenue Cycle,careers,https://fa-etum-saasfaprod1.fa.ocs.oraclecloud.com/hcmUI/CandidateExperience/en/sites/CX_1/job/42125,87f8e70331fe
2026-10-04,2026-09-24,50,description,39,2,,,GuideWell,Claims Examiner I,"United States; Irving, TX, United States; San Antonio, TX, United States; Remote",Remote,Entry,Revenue Cycle,careers,https://fa-etum-saasfaprod1.fa.ocs.oraclecloud.com/hcmUI/CandidateExperience/en/sites/CX_1/job/42127,d119115ff5d3
2026-10-04,2026-09-24,63,description,34,3,,CCDS,Ensemble Health Partners,Clinical Documentation Manager,Remote - Nationwide,Remote,Senior,Clinical Documentation,careers,https://ensemblehp.wd5.myworkdayjobs.com/ensemblehealthpartnerscareers/job/Remote---Nationwide/Clinical-Documentation-Manager_R050691-1,1b603ba4e830
2026-10-04,2026-09-24,51,description,18,1,Bachelor's,CCS; CPC,Elevance Health,Clinical Provider Auditor II,"GA-ATLANTA, 740 W PEACHTREE ST NW; Florida - Miami; Indiana - Indianapolis; Ohio - Mason; North Carolina - Durham; Texas - Grand Prairie; North Carolina - Winston-Salem",Cincinnati area,,Compliance and Quality,careers,https://elevancehealth.wd1.myworkdayjobs.com/ANT/job/GA-ATLANTA-740-W-PEACHTREE-ST-NW/Clinical-Provider-Auditor-II_JR208427,6e0fe44aec1b
2026-10-04,2026-09-24,32,description,27,6,Bachelor's; Master's,,Elevance Health,Compliance Manager-Ohio Medicaid,"OH-COLUMBUS, 8940 LYRA DR, STE 300; OH-MASON, 4241 IRWIN SIMPSON RD; OH-CINCINNATI, 3075 VANDERCAR WAY; OH-SEVEN HILLS, 6000 LOMBARDO CENTER, STE 200",Cincinnati area,Senior,Compliance and Quality,careers,https://elevancehealth.wd1.myworkdayjobs.com/ANT/job/OH-COLUMBUS-8940-LYRA-DR-STE-300/Compliance-Manager-Ohio-Medicaid_JR206038,03068247e004
2026-10-04,2026-09-24,39,description,0,2,,,Cincinnati Children's,Patient Access Representative,"Anderson Primary Care, Cincinnati, OH",Cincinnati area,Entry,Patient Services,careers,https://cincinnatichildrens.wd5.myworkdayjobs.com/careersatcincinnatichildrens/job/Anderson-Primary-Care/Patient-Access-Representative_JR225510,86055c5bc9e0
2026-10-04,2026-09-24,41,description,38,10,Bachelor's,,Cencora,"Senior Manager, Regulatory Affairs – Animal Health Labeling","Remote, USA",Remote,Senior,Clinical Research; Compliance and Quality,careers,https://myhrabc.wd5.myworkdayjobs.com/Global/job/Remote-USA/Senior-Manager--Regulatory-Affairs---Animal-Health-Labeling_R2614469,3bcaa573e7a9
2026-10-04,2026-09-23,24,description,45,3,,,TriHealth,Lead Credentialing Coordinator - Medical Staff Office,"Cincinnati, OH",Cincinnati area,Senior,Compliance and Quality,careers,https://fa-evly-saasfaprod1.fa.ocs.oraclecloud.com/hcmUI/CandidateExperience/en/sites/CX_1/job/312103,aa9d0116ebd5
2026-10-04,2026-09-23,54,description,2,1,Bachelor's,,Sutherland,New Hire Compliance Manager (Remote),"Rochester, NY, United States; Remote",Remote,Senior,Compliance and Quality,careers,https://jobs.smartrecruiters.com/sutherland/744000151448149,395780a49286
2026-10-04,2026-09-23,66,description,64,3,,,Sharecare,Lead ROI Medical Records Specialist - Remote,Remote,Remote,Senior,Health Information,careers,https://sharecare.wd1.myworkdayjobs.com/Sharecare_Careers/job/Remote/Lead-ROI-Medical-Records-Specialist---Remote_R-102081,fbfa92df3670
2026-10-04,2026-09-23,58,description,29,2,,,Sharecare,ROI Medical Records Specialist - Remote,Remote,Remote,,Health Information,careers,https://sharecare.wd1.myworkdayjobs.com/Sharecare_Careers/job/Remote/ROI-Medical-Records-Specialist---Remote_R-102080,9a97324420fb
2026-10-04,2026-09-23,58,description,29,2,,,Sharecare,ROI Medical Records Specialist - Remote,Remote,Remote,,Health Information,careers,https://sharecare.wd1.myworkdayjobs.com/Sharecare_Careers/job/Remote/ROI-Medical-Records-Specialist---Remote_R-102079,d28eab4d1949
2026-10-04,2026-09-23,54,description,79,3,,,OhioHealth,Epic Senior Systems Analyst - Willow Amb,WORK AT HOME - OHIO,Remote,Senior,Health Information; Data and Analytics,careers,https://ohiohealth.wd5.myworkdayjobs.com/OhioHealthJobs/job/WORK-AT-HOME---OHIO/Epic-Senior-Systems-Analyst---Willow-Amb_JR155439,976080703132
2026-10-04,2026-09-23,25,description,36,,Bachelor's,,Johnson & Johnson,"Specialist, Hospital Operations - Spine ( Remote)","West Chester, Pennsylvania, United States of America; Raynham, Massachusetts, United States of America; Irvine, California, United States of America; Remote (US)",Remote,,,careers,https://jj.wd5.myworkdayjobs.com/JJ/job/West-Chester-Pennsylvania-United-States-of-America/Specialist--Hospital-Operations---Spine---Remote-_R-099783,58de207c6ac2
2026-10-04,2026-09-23,78,description,49,2,,RHIA; RHIT; CCS; CDIP; CCDS; RN,Guidehouse,Clinical Documentation Integrity (CDI) Specialist - Remote,US - Remote (Any location),Remote,,Clinical Documentation,careers,https://guidehouse.wd1.myworkdayjobs.com/External/job/US---Remote-Any-location/Clinical-Documentation-Integrity--CDI--Specialist---Remote_44747,a6a4b4c75825
2026-10-04,2026-09-23,72,description,33,5,Bachelor's,CRCR,Ensemble Health Partners,"Senior Analyst, Revenue Recovery",Remote - Nationwide; Work at Home - Ohio - Other,Remote,Senior,Revenue Cycle; Data and Analytics,careers,https://ensemblehp.wd5.myworkdayjobs.com/ensemblehealthpartnerscareers/job/Remote---Nationwide/Senior-Analyst--Revenue-Recovery_R051938,b0dba18b2846
2026-10-04,2026-09-23,72,description,40,5,,,CVS Health,Senior Product Manager-Revenue Cycle Management-Epic,Work At Home - Utah; Remote,Remote,Senior,Health Information; Revenue Cycle,careers,https://cvshealth.wd1.myworkdayjobs.com/CVS_Health_Careers/job/Work-At-Home---Utah/Sr-Product-Manager-Revenue-Cycle-Management-Epic_R1039760,f246ff89d4c6
2026-10-04,2026-09-23,47,description,51,7,Bachelor's,,CVS Health,Senior Technical Product Manager-Documents Domain-Epic,Work At Home - Utah; Work At Home-Arkansas; Work At Home-Idaho; Work At Home-Texas; Work At Home-Georgia; Work At Home-Montana; Work At Home-Iowa; Work At Home-Wisconsin; Work At Home-Oregon; Work At Home-Washington; Work At Home-New York; Work At Home-District of Columbia; Work At Home-Connecticut; Work At Home-Nebraska; Work At Home-Rhode Island; Work At Home-Tennessee; Work At Home-Kentucky; Work At Home-Ohio; Work At Home-West Virginia; Work At Home-Maryland; Work At Home-Massachusetts; Work At Home-South Carolina; Work At Home-Missouri; Work At Home-Arizona; Work At Home-South Dakota; Work At Home-Pennsylvania; Work At Home-New Hampshire; Work At Home-Vermont; Work At Home-Minnesota; Work At Home-New Mexico; Work At Home-Michigan; Work At Home-California; Work At Home-Maine; Work At Home-North Dakota; Work At Home-Kansas; Work At Home-Indiana; Work At Home-New Jersey; Work At Home-Nevada; Work At Home-Louisiana; Work At Home-Mississippi; Work At Home-Oklahoma; Work At Home-Alabama; Work At Home-Virginia; Work At Home-Illinois; Work At Home-North Carolina; Work At Home-Colorado; Work At Home-Florida; Work At Home-Wyoming; Work At Home-Delaware; Remote,Remote,Senior,Health Information,careers,https://cvshealth.wd1.myworkdayjobs.com/CVS_Health_Careers/job/Work-At-Home---Utah/Senior-Technical-Product-Manager-Documents-Domain-Epic_R1039784-1,b103dcce3779
2026-10-04,2026-09-23,53,description,53,5,Bachelor's,,Cincinnati Children's,Manager - Epic Willow & Beacon,"Offices at Vernon Place, Cincinnati, OH",Cincinnati area,Senior,Health Information,careers,https://cincinnatichildrens.wd5.myworkdayjobs.com/careersatcincinnatichildrens/job/Offices-at-Vernon-Place/Manager---Epic-Willow---Beacon_JR225240,b202cdfc5fc6
2026-10-04,2026-09-23,41,description,0,8,Bachelor's; Master's,,Centene,"Compliance Officer, Washington",Remote-WA State,Remote,,Compliance and Quality,careers,https://centene.wd5.myworkdayjobs.com/Centene_External/job/Remote-WA-State/Compliance-Officer--Washington_1661493,2b9b99a9c070
2026-10-04,2026-09-22,73,description,29,3,,,St. Elizabeth Healthcare,Specialist Technical Denial,"Erlanger, Kentucky",Cincinnati area,,Revenue Cycle,careers,https://stelizabeth.wd115.myworkdayjobs.com/StElizabethExternalCareerSite/job/Erlanger-Kentucky/Specialist-Technical-Denial_JR314004,5ae9d0aba3bd
2026-10-04,2026-09-22,58,description,29,2,,,Sharecare,ROI Medical Records Specialist - Remote,Remote,Remote,,Health Information,careers,https://sharecare.wd1.myworkdayjobs.com/Sharecare_Careers/job/Remote/ROI-Medical-Records-Specialist---Remote_R-101802,dc5c5f04d6fa
2026-10-04,2026-09-22,37,description,54,,Bachelor's,,Medpace,Entry-Level Study Start-Up Coordinator (May 2027 Grads),"Cincinnati, Ohio",Cincinnati area,Entry,Clinical Research,careers,https://careers.medpace.com/jobs/13007,6d4acc747f8d
2026-10-04,2026-09-22,45,description,88,10,Bachelor's,,Inovalon,Principal Project Manager,Bowie; Remote,Remote,Senior,Project and Program,careers,https://jobs.ashbyhq.com/inovalon/9eada9de-912b-4faa-a609-63e85e79c20e,9e3ac2c320f2
2026-10-04,2026-09-22,42,description,31,7,Bachelor's,,Guidehouse,Data Governance & Data Catalog Lead,"US - DC, Washington; US - Remote (Any location)",Remote,Senior,Health Information,careers,https://guidehouse.wd1.myworkdayjobs.com/External/job/US---DC-Washington/Data-Governance---Data-Catalog-Lead_43882,4d8ebb0cd0e0
2026-10-04,2026-09-22,46,description,35,1,,CRCR,Ensemble Health Partners,Patient Access Associate Specialist,"Fairborn, OH; Mercy - Dayton Springfield Emergency Center",Dayton area,Entry,Patient Services,careers,https://ensemblehp.wd5.myworkdayjobs.com/ensemblehealthpartnerscareers/job/Fairborn-OH/Patient-Access-Associate-Specialist_R051599,33bb60078e6b
2026-10-04,2026-09-22,24,description,49,2,,,Dayton Children's Hospital,Customer Service Supervisor- Patient Accounts,Work from Home - Hybrid - Ohio,Remote,Senior,Patient Services,careers,https://daytonchildrens.wd1.myworkdayjobs.com/dayton_childrens_career_site/job/Work-from-Home---Hybrid---Ohio/Customer-Service-Supervisor--Patient-Accounts_R24426,51ddde679282
2026-10-04,2026-09-22,32,description,40,2,Bachelor's,,Datavant,Senior Retrieval Operations Analyst,Remote - United States,Remote,Senior,Data and Analytics,careers,https://www.datavant.com/about/careers/open-roles/job?gh_jid=5427582008,760636795dab
2026-10-04,2026-09-22,39,description,46,2,Bachelor's,RN,Centene,Quality Improvement Coordinator II,Remote-WI,Remote,Entry,Compliance and Quality,careers,https://centene.wd5.myworkdayjobs.com/Centene_External/job/Remote-WI/Quality-Improvement-Coordinator-II_1649689,7eeef48207bf
2026-10-04,2026-09-22,60,description,43,3,,,Cardinal Health,"Senior Analyst, Revenue Cycle Management",US-Nationwide-FIELD,Remote,Senior,Revenue Cycle; Data and Analytics,careers,https://cardinalhealth.wd1.myworkdayjobs.com/EXT/job/US-Nationwide-FIELD/Senior-Analyst--Revenue-Cycle-Management_20187873,2a2f7f88805a
2026-10-04,2026-09-21,24,description,43,3,,,Veeva Systems,Product Manager - Veeva Clinical Operations,Massachusetts - Boston; Remote,Remote,,Clinical Research,careers,https://jobs.lever.co/veeva/4106dc84-7827-4c2f-8262-7adff44a0757,2d7877bc52fb
2026-10-04,2026-09-21,24,description,43,3,,,Veeva Systems,Product Manager - Veeva Clinical Operations,New York - New York City; Remote,Remote,,Clinical Research,careers,https://jobs.lever.co/veeva/9af807f1-80f3-4690-b30e-4f5ff69890b5,4f3aa26b6238
2026-10-04,2026-09-21,48,description,40,1,,,The Christ Hospital,Administrative Coordinator Senior - OBGYN - Mason 201 - Full Time - Days,"Mason, OH, United States",Cincinnati area,Senior,,careers,https://fa-etxt-saasfaprod1.fa.ocs.oraclecloud.com/hcmUI/CandidateExperience/en/sites/CX_5/job/14992,f685873b9ddd
2026-10-04,2026-09-21,47,description,92,3,Bachelor's,,Medpace,IT Software Development Project Manager,"Cincinnati, Ohio",Cincinnati area,,Project and Program,careers,https://careers.medpace.com/jobs/13005,2e56f3dd5fb2
2026-10-04,2026-09-21,39,description,0,,,,Cincinnati Children's,Patient Access Representative I or II,"Liberty Campus, Cincinnati, OH",Cincinnati area,Entry,Patient Services,careers,https://cincinnatichildrens.wd5.myworkdayjobs.com/careersatcincinnatichildrens/job/Liberty-Campus/Patient-Access-Representative-I-or-II_JR217707,85b519cee57b
2026-10-04,2026-09-21,45,description,49,,Bachelor's,,Cencora,Field Reimbursement Specialist,"Remote, Kentucky; Springfield, MO; Nashville, TN; Knoxville, TN",Remote,,Revenue Cycle,careers,https://myhrabc.wd5.myworkdayjobs.com/Global/job/Remote-Kentucky/Field-Reimbursement-Specialist_R2613796,d15259253811
2026-10-04,2026-09-21,49,description,48,2,,,Cardinal Health,"Bilingual Sr. Coordinator, Patient Access (Case Manager)",US-Nationwide-FIELD,Remote,Senior,Patient Services,careers,https://cardinalhealth.wd1.myworkdayjobs.com/EXT/job/US-Nationwide-FIELD/Bilingual-Sr-Coordinator--Patient-Access--Case-Manager-_20187769,ef7ad319b2c4
2026-10-04,2026-09-18,53,description,17,1,,,Premier Health,Trauma Registrar,"Middletown, OH",Cincinnati area,,Health Information,careers,https://premierhealth.eightfold.ai/careers/job/790317558725,f6ae3dea317f
2026-10-04,2026-09-18,37,description,42,3,,,Oscar Health,"Senior Analyst, Credentialing Quality & Data Operations",Remote,Remote,Senior,Data and Analytics; Compliance and Quality,careers,https://job-boards.greenhouse.io/oscar/jobs/8168110,b43c235b67d9
2026-10-04,2026-09-18,73,description,66,15,Bachelor's; Master's,,Guidehouse,"Healthcare Partner, Managed Care Consulting",US - Remote (Any location),Remote,,Revenue Cycle,careers,https://guidehouse.wd1.myworkdayjobs.com/External/job/US---Remote-Any-location/Healthcare-Partner--Managed-Care-Consulting_40625-1,7da2894205b1
2026-10-04,2026-09-18,72,description,39,12,Bachelor's,,Guidehouse,Account Executive - Healthcare Revenue Cycle - Northern California & Southern California Markets,US - Remote (Any location),Remote,,Revenue Cycle,careers,https://guidehouse.wd1.myworkdayjobs.com/External/job/US---Remote-Any-location/Account-Executive---Healthcare-Revenue-Cycle---Northern-California---Southern-California-Markets_43909,b954691a7e3d
2026-10-04,2026-09-18,36,description,34,4,,,Guidehouse,Senior Pricing Analyst,"US - VA, McLean; US - Remote (Any location)",Remote,Senior,Revenue Cycle; Data and Analytics,careers,https://guidehouse.wd1.myworkdayjobs.com/External/job/US---VA-McLean/Senior-Pricing-Analyst_42324-1,4c6f8f60dda2
2026-10-04,2026-09-18,36,description,33,2,Bachelor's,,Baxter,PV Risk Management Specialist,"Deerfield, Illinois; United States of America - Remote",Remote,,Compliance and Quality,careers,https://baxter.wd1.myworkdayjobs.com/baxter/job/Deerfield-Illinois/PV-Risk-Management-Specialist_JR-207222-1,5cda7026223f
2026-10-04,2026-09-17,58,description,29,2,,,Sharecare,ROI Medical Records Specialist - Remote,Remote,Remote,,Health Information,careers,https://sharecare.wd1.myworkdayjobs.com/Sharecare_Careers/job/Remote/ROI-Medical-Records-Specialist---Remote_R-102076-1,d279569112a6
2026-10-04,2026-09-17,58,description,29,2,,,Sharecare,ROI Medical Records Specialist - Remote,Remote,Remote,,Health Information,careers,https://sharecare.wd1.myworkdayjobs.com/Sharecare_Careers/job/Remote/ROI-Medical-Records-Specialist---Remote_R-102073,9b55e78b97d9
2026-10-04,2026-09-17,58,description,29,2,,,Sharecare,ROI Medical Records Specialist - Remote,Remote,Remote,,Health Information,careers,https://sharecare.wd1.myworkdayjobs.com/Sharecare_Careers/job/Remote/ROI-Medical-Records-Specialist---Remote_R-102072,b0c8caa99135
2026-10-04,2026-09-17,29,description,24,1,,,Premier Health,Patient Access Specialist,"Dayton, OH",Dayton area,,Patient Services,careers,https://premierhealth.eightfold.ai/careers/job/790318483694,51c0b88a4555
2026-10-04,2026-09-17,23,description,49,,Bachelor's,,Medpace,Clinical Data Analyst,"Cincinnati, Ohio",Cincinnati area,,Data and Analytics,careers,https://careers.medpace.com/jobs/12986,73c934c88f27
2026-10-04,2026-09-17,16,description,,,,,Medical Mutual of Ohio,Hospital Reimbursement Analyst,"Cleveland, OH; Dublin, OH; Rossford, OH; Cincinnati, OH",Cincinnati area,,Revenue Cycle; Data and Analytics,careers,https://medmutual.rec.pro.ukg.net/MED1500MMOO/JobBoard/ef821115-21e9-4a27-9b98-50f8e2f05f30/OpportunityDetail?opportunityId=948ec902-41a5-4701-a8f6-00e69e73d5bc,ea9ce8de6f3b
2026-10-04,2026-09-17,57,description,25,1,Bachelor's,,Labcorp,"Study Design Lead - Clinical Research , Central Labs Services",Remote,Remote,Senior,Clinical Research,muse,https://www.themuse.com/jobs/labcorp/study-design-lead-clinical-research-central-labs-services-ed3d30,1ed37ff60892
2026-10-04,2026-09-17,24,description,0,3,Bachelor's,,Elevance Health,PBM Financial Analyst Lead,"OH-MASON, 4361 IRWIN SIMPSON RD; GA-ATLANTA, 740 W PEACHTREE ST NW; VA-ASHBURN, 22001 LOUDOUN COUNTY PKWY, STE E1-2; OH-COLUMBUS, 8940 LYRA DR, STE 300; FL-LAKE MARY, 3200 LAKE EMMA RD, STE 1000; FL-TAMPA, 5411 SKYCENTER DR, STE 700 & 800; FL-MIAMI, 11430 NW 20TH ST, STE 200 & 300; OH-CINCINNATI, 3075 VANDERCAR WAY; OH-SEVEN HILLS, 6000 LOMBARDO CENTER, STE 200; VA-RICHMOND, 2015 STAPLES MILL RD,; VA-ROANOKE, 602 S JEFFERSON ST; VA-NORFOLK, 5800 NORTHAMPTON BLVD",Cincinnati area,Senior,Revenue Cycle; Data and Analytics,careers,https://elevancehealth.wd1.myworkdayjobs.com/ANT/job/OH-MASON-4361-IRWIN-SIMPSON-RD/PBM-Financial-Analyst-Lead_JR207564,31f621ed82af
2026-10-04,2026-09-17,46,description,66,5,Bachelor's,,Cleveland Clinic,Senior Contract Manager - Managed Care,Remote Location,Remote,Senior,Revenue Cycle,careers,https://ccf.wd1.myworkdayjobs.com/ClevelandClinicCareers/job/Remote-Location/Senior-Contract-Manager---Managed-Care_337054,988fdd03b3ea
2026-10-04,2026-09-17,64,description,49,1,Bachelor's; Master's,,Cincinnati Children's,Clinical Research Coordinator III/IV - Allergy Department,"Burnet Campus, Cincinnati, OH",Cincinnati area,Senior,Clinical Research,careers,https://cincinnatichildrens.wd5.myworkdayjobs.com/careersatcincinnatichildrens/job/Burnet-Campus/Clinical-Research-Coordinator-IV---Allergy-Department_JR224953,2161ee82648b
2026-10-04,2026-09-17,28,description,45,3,Bachelor's; Master's,RN,Centene,Program Specialist II,Remote-AZ,Remote,,Project and Program,careers,https://centene.wd5.myworkdayjobs.com/Centene_External/job/Remote-AZ/Program-Specialist-II_1660343,41128b53e9e9
2026-10-04,2026-09-16,64,description,50,5,,RHIA; CCS; CCDS,Solventum,Outpatient CDI Outsourcing Manager,Remote - Michigan; Remote,Remote,Senior,Clinical Documentation,careers,https://healthcare.wd1.myworkdayjobs.com/Search/job/Remote---Michigan/Outpatient-CDI-Outsourcing-Manager_R01133286,b97a7f942089
2026-10-04,2026-09-16,75,description,45,5,Bachelor's,CCS; CDIP; CCDS,Solventum,Clinical Documentation Specialist (CDI),Remote-United States; Remote,Remote,,Clinical Documentation,careers,https://healthcare.wd1.myworkdayjobs.com/Search/job/Remote-United-States/Clinical-Documentation-Specialist--CDI-_R01133295,3c489eee4179
2026-10-04,2026-09-16,58,description,29,2,,,Sharecare,ROI Medical Records Specialist - Remote,Remote,Remote,,Health Information,careers,https://sharecare.wd1.myworkdayjobs.com/Sharecare_Careers/job/Remote/ROI-Medical-Records-Specialist---Remote_R-102050,f82200084793
2026-10-04,2026-09-16,35,description,24,2,Bachelor's; Master's,RN,Centene,Quality Program Strategist II,Remote-FL,Remote,,Compliance and Quality,careers,https://centene.wd5.myworkdayjobs.com/Centene_External/job/Remote-FL/Quality-Program-Strategist-II_1655859-1,1d8f92a8dcc8
2026-10-04,2026-09-15,29,description,27,1,,,Premier Health,Patient Access Specialist,"Dayton, OH",Dayton area,,Patient Services,careers,https://premierhealth.eightfold.ai/careers/job/790318493359,58cd4d542ea3
2026-10-04,2026-09-15,76,description,48,4,Bachelor's; Master's,RHIA; RHIT; CCS; CDIP; CCDS,Guidehouse,Second Level Reviewer-Clinical Documentation Integrity,US - Remote (Any location),Remote,,Clinical Documentation,careers,https://guidehouse.wd1.myworkdayjobs.com/External/job/US---Remote-Any-location/Second-Level-Reviewer-Clinical-Documentation-Integrity_44468,0cbe843e5ce4
2026-10-04,2026-09-15,39,description,30,4,,,Centene,Quality Improvement Specialist II,Remote-AZ; Remote-NV,Remote,,Compliance and Quality,careers,https://centene.wd5.myworkdayjobs.com/Centene_External/job/Remote-AZ/Quality-Improvement-Specialist-II_1659229,a4417a19a12b
2026-10-04,2026-09-14,45,description,33,3,Bachelor's,,UC Health,"Revenue Cycle Supervisor, Admitting & Registration, Full-Time, Varies","West Chester, OH, United States",Cincinnati area,Senior,Revenue Cycle,careers,https://eswt.fa.us6.oraclecloud.com/hcmUI/CandidateExperience/en/sites/CX_1001/job/23878,98569ebb3c82
2026-10-04,2026-09-14,63,description,35,3,,,UC Health,"Patient Accounting Representative II, Pat Fin Svc-Billing-Follow-Up, Full Time, First Shift","Cincinnati, OH, United States",Cincinnati area,Entry,Revenue Cycle; Patient Services,careers,https://eswt.fa.us6.oraclecloud.com/hcmUI/CandidateExperience/en/sites/CX_1001/job/24122,e3fb33622cad
2026-10-04,2026-09-14,42,description,47,3,,,UC Health,"Program Coordinator, Internal Med, Full Time, First Shift","Cincinnati, OH, United States",Cincinnati area,Entry,Project and Program,careers,https://eswt.fa.us6.oraclecloud.com/hcmUI/CandidateExperience/en/sites/CX_1001/job/24413,9a50cabcd82b
2026-10-04,2026-09-14,50,description,30,2,,,Conifer Health Solutions,Claims Examiner Supervisor,"United States; California City, CA, United States; Remote",Remote,Senior,Revenue Cycle,careers,https://eodr.fa.us2.oraclecloud.com/hcmUI/CandidateExperience/en/sites/CX_2001/job/2603022669,95cc4b85a498
2026-10-04,2026-09-14,39,description,0,,,,Cincinnati Children's,Patient Access Representative,"Burnet Campus, Cincinnati, OH",Cincinnati area,Entry,Patient Services,careers,https://cincinnatichildrens.wd5.myworkdayjobs.com/careersatcincinnatichildrens/job/Burnet-Campus/Patient-Access-Representative_JR224998,c34b9d15e911
2026-10-04,2026-09-14,43,description,50,2,Bachelor's,,Cincinnati Children's,EMR Analyst II - Epic Beacon,Remote,Remote,,Health Information; Data and Analytics,careers,https://cincinnatichildrens.wd5.myworkdayjobs.com/careersatcincinnatichildrens/job/Remote/EMR-Analyst-II---Epic-Beacon_JR224770,ecd5d17947ae
2026-10-04,2026-09-14,35,description,11,1,Bachelor's,,Centene,"Manager, Quality Improvement, HEDIS Audit",Remote-MO,Remote,Senior,Compliance and Quality,careers,https://centene.wd5.myworkdayjobs.com/Centene_External/job/Remote-MO/Manager--Quality-Improvement--HEDIS-Audit_1649737,7f1ad74ff60d
2026-10-04,2026-09-11,37,description,40,3,Bachelor's; Master's,,UC Health,"GME Program Coordinator, Internal Medicine, Full Time, First Shift","Cincinnati, OH, United States",Cincinnati area,Entry,Project and Program,careers,https://eswt.fa.us6.oraclecloud.com/hcmUI/CandidateExperience/en/sites/CX_1001/job/24367,c9ad1673894c
2026-10-04,2026-09-11,27,description,41,2,,,UC Health,"EHR2 Analyst - Epic Beaker, Full Time, First Shift","Cincinnati, OH, United States",Cincinnati area,,Health Information; Data and Analytics,careers,https://eswt.fa.us6.oraclecloud.com/hcmUI/CandidateExperience/en/sites/CX_1001/job/24392,5d85947eb398
2026-10-04,2026-09-11,34,description,52,1,,,UASI,Healthcare Reporting and Data Analyst,"Cincinnati, Ohio, United States",Cincinnati area,,Data and Analytics,careers,https://job-boards.greenhouse.io/uasi/jobs/5419779008,94382b6b7cc5
2026-10-04,2026-09-11,48,description,51,1,,,TriHealth,Account Specialist I,"Cincinnati, OH, United States",Cincinnati area,Entry,,careers,https://fa-evly-saasfaprod1.fa.ocs.oraclecloud.com/hcmUI/CandidateExperience/en/sites/CX_1/job/312147,26154d2ae992
2026-10-04,2026-09-11,63,description,64,,,,Sharecare,Data Entry Specialist - Medical Records (Remote),Remote,Remote,Entry,Health Information,careers,https://sharecare.wd1.myworkdayjobs.com/Sharecare_Careers/job/Remote/Data-Entry-Specialist---Medical-Records--Remote-_R-102023,b8a118e32f12
2026-10-04,2026-09-11,40,description,62,,Bachelor's,,Medpace,Cincinnati Clinical Research Project Coordinator,"Cincinnati, Ohio",Cincinnati area,Entry,Clinical Research; Project and Program,careers,https://careers.medpace.com/jobs/12355,44830b7c2291
2026-10-04,2026-09-11,40,description,51,3,Bachelor's,,Inovalon,Senior Financial Analyst,Bowie; Remote,Remote,Senior,Revenue Cycle; Data and Analytics,careers,https://jobs.ashbyhq.com/inovalon/4d04fbb7-6cab-428b-acb9-46dca9a658da,efbb12069048
2026-10-04,2026-09-11,62,description,56,5,Bachelor's; Master's,RHIA; CCS; CHDA,Inovalon,"Informatics Product Lead, RWD",Bowie; Remote,Remote,Senior,Data and Analytics,careers,https://jobs.ashbyhq.com/inovalon/b1d379d0-506f-4b5e-82f6-354190e2ea56,356c32b7e3fe
2026-10-04,2026-09-11,61,description,56,7,Bachelor's; Master's,RHIA; CCS; CHDA,Inovalon,Clinical Informatics & Ontology Lead,Bowie; Remote,Remote,Senior,Data and Analytics,careers,https://jobs.ashbyhq.com/inovalon/4543bb22-d2cc-4cf0-9999-bf848093bd28,85247f928232
2026-10-04,2026-09-11,81,description,11,8,Bachelor's,,Guidehouse,"Revenue Cycle Manager, Mission Liaison",US - Remote (Any location),Remote,Senior,Revenue Cycle,careers,https://guidehouse.wd1.myworkdayjobs.com/External/job/US---Remote-Any-location/Revenue-Cycle-Manager--Mission-Liaison_44399,ad7bb6ccbca2
2026-10-04,2026-09-11,56,description,75,3,Bachelor's,,Alignment Health,Data Governance Analyst,Anywhere in the U.S.,Remote,,Health Information; Data and Analytics,careers,https://alignmenthealthcare.wd12.myworkdayjobs.com/ahc_external/job/Anywhere-in-the-US/Data-Governance-Analyst_R2404,7b78e20e1d3f
2026-10-04,2026-09-10,49,description,49,5,,,Veeva Systems,Senior Migration Consultant - Clinical Data Programming,Massachusetts - Boston; Remote,Remote,Senior,Data and Analytics,careers,https://jobs.lever.co/veeva/7667f8c3-845a-4069-8f83-f192352b9350,8494939552d0
2026-10-04,2026-09-10,24,description,41,,Bachelor's; Master's,,UC Health,Manager- Performance Improvement & Project Management Office,"Cincinnati, OH, United States",Cincinnati area,Senior,Compliance and Quality; Project and Program,careers,https://eswt.fa.us6.oraclecloud.com/hcmUI/CandidateExperience/en/sites/CX_1001/job/24249,4edc2b13cd8d
2026-10-04,2026-09-10,34,description,44,3,,,TruBridge,Biller - Claims & Denials - Full-Cycle Biller,Remote - US,Remote,,Revenue Cycle,careers,https://cpsi.wd1.myworkdayjobs.com/CPSI/job/Remote---US/Billing-and-Posting-Resolution-Provider_JR102474,f00d0b8cc045
2026-10-04,2026-09-10,34,description,44,3,,,TruBridge,Biller - Claims & Denials - Full-Cycle Biller,Remote - US,Remote,,Revenue Cycle,careers,https://cpsi.wd1.myworkdayjobs.com/CPSI/job/Remote---US/Billing-and-Posting-Resolution-Provider_JR102475,c071936e6aa5
2026-10-04,2026-09-10,46,description,49,,Bachelor's,,Medpace,"Project Coordinator, Data Monitoring - Entry Level","Cincinnati, Ohio",Cincinnati area,Entry,Project and Program,careers,https://careers.medpace.com/jobs/12810,f2e896c86212
2026-10-04,2026-09-10,34,description,67,1,Bachelor's; Master's,,Medpace,Feasibility Informatics Analyst,"Cincinnati, Ohio",Cincinnati area,,Data and Analytics,careers,https://careers.medpace.com/jobs/12699,82a8a80de1cb
2026-10-04,2026-09-10,42,description,66,,Bachelor's,,Medpace,Clinical Informatics Manager,"Cincinnati, Ohio",Cincinnati area,Senior,Data and Analytics,careers,https://careers.medpace.com/jobs/12842,2b2227cc7aaa
2026-10-04,2026-09-10,41,description,57,,,,Medpace,Clinical Informatics Analyst,"Cincinnati, Ohio",Cincinnati area,,Data and Analytics,careers,https://careers.medpace.com/jobs/12446,bf2f1425021e
2026-10-04,2026-09-10,31,description,68,1,,,Medpace,AI Project Manager,"Cincinnati, Ohio",Cincinnati area,,Project and Program,careers,https://careers.medpace.com/jobs/12764,6e977663587e
2026-10-04,2026-09-10,41,description,41,3,Bachelor's,,McKesson,Regulatory Affairs Specialist,"USA, KY, Shepherdsville; USA, OH, Mason",Cincinnati area,,Clinical Research; Compliance and Quality,careers,https://mckesson.wd3.myworkdayjobs.com/External_Careers/job/USA-KY-Shepherdsville/Regulatory-Affairs-Specialist_JR0153322,c1bcde4b25a8
2026-10-04,2026-09-10,45,description,87,10,Bachelor's,,Inovalon,Principal Project Manager,REMOTE - US,Remote,Senior,Project and Program,careers,https://jobs.ashbyhq.com/inovalon/4597e53f-96db-4c78-ab6d-46943224b704,546462a64205
2026-10-04,2026-09-10,45,description,88,10,Bachelor's,,Inovalon,Principal Project Manager,Canonsburg; Remote,Remote,Senior,Project and Program,careers,https://jobs.ashbyhq.com/inovalon/175d5d47-102d-4cc7-882b-b61dfda631e5,8df72d07e65a
2026-10-04,2026-09-10,36,description,37,,Bachelor's,RN,Humana,Quality Compliance Professional,Remote South Carolina,Remote,,Compliance and Quality,careers,https://humana.wd5.myworkdayjobs.com/Humana_External_Career_Site/job/Remote-South-Carolina/Quality-Compliance-Professional_R-424835,b8e99cf0281c
2026-10-04,2026-09-10,42,description,31,7,Bachelor's,,Guidehouse,Data Governance & Data Catalog Lead,"US - DC, Washington; US - Remote (Any location)",Remote,Senior,Health Information,careers,https://guidehouse.wd1.myworkdayjobs.com/External/job/US---DC-Washington/Data-Governance---Data-Catalog-Lead_44470,3fbab4781ff8
2026-10-04,2026-09-10,35,description,37,5,Bachelor's; Master's,,Centene,HR Program Manager III,Clayton - 7700 Forsyth Blvd (Corporate) (10109); Remote-MO,Remote,Senior,Project and Program,careers,https://centene.wd5.myworkdayjobs.com/Centene_External/job/Clayton---7700-Forsyth-Blvd-Corporate-10109/HR-Program-Manager-III_1653428,dab2faaae667
2026-10-04,2026-09-09,29,description,13,6,Bachelor's,,UC Health,"Facilities Compliance Specialist, Full Time, First Shift","Cincinnati, OH, United States",Cincinnati area,,Compliance and Quality,careers,https://eswt.fa.us6.oraclecloud.com/hcmUI/CandidateExperience/en/sites/CX_1001/job/24304,8f557d157151
2026-10-04,2026-09-09,34,description,36,2,,,UC Health,"EHR Analyst II – Patient Digital Experience, Full Time, First Shift, IS&T","IN, United States, Cincinnati, OH",Cincinnati area,,Health Information; Data and Analytics,careers,https://eswt.fa.us6.oraclecloud.com/hcmUI/CandidateExperience/en/sites/CX_1001/job/24347,0b65f3b50247
2026-10-04,2026-09-09,58,description,29,2,,,Sharecare,ROI Medical Records Specialist - Remote,Remote,Remote,,Health Information,careers,https://sharecare.wd1.myworkdayjobs.com/Sharecare_Careers/job/Remote/ROI-Medical-Records-Specialist---Remote_R-102061-1,fef8c918ff2e
2026-10-04,2026-09-09,41,description,63,,Bachelor's,,Medpace,Project Coordinator-Reference Laboratory,"Cincinnati, Ohio",Cincinnati area,Entry,Project and Program,careers,https://careers.medpace.com/jobs/12593,3e5683b9c5f9
2026-10-04,2026-09-09,42,description,59,,Bachelor's,,Medpace,Laboratory Project Coordinator,"Cincinnati, Ohio",Cincinnati area,Entry,Project and Program,careers,https://careers.medpace.com/jobs/11986,437287e988ef
2026-10-04,2026-09-09,54,description,58,2,Bachelor's,,Medpace,Clinical Project Manager-Reference Laboratory,"Cincinnati, Ohio",Cincinnati area,,Project and Program,careers,https://careers.medpace.com/jobs/12164,0cc8214012c7
2026-10-04,2026-09-09,45,description,39,2,Bachelor's,,Cardinal Health,"Analyst, Revenue Cycle Management",US-Nationwide-FIELD,Remote,,Revenue Cycle; Data and Analytics,careers,https://cardinalhealth.wd1.myworkdayjobs.com/EXT/job/US-Nationwide-FIELD/Analyst--Revenue-Cycle-Management_20187026,3fae41d858bc
2026-10-04,2026-09-08,35,description,51,2,,,Sharecare,Billing Specialist- Remote,Remote,Remote,,Revenue Cycle,careers,https://sharecare.wd1.myworkdayjobs.com/Sharecare_Careers/job/Remote/Billing-Specialist--Remote_R-102065,57519ed30fac
2026-10-04,2026-09-08,77,description,91,5,Bachelor's; Master's,,Premier Inc,"Manager, Advisory Services: Financial Transformation - Revenue Cycle",Remote,Remote,Senior,Revenue Cycle,careers,https://premierinc.wd1.myworkdayjobs.com/External_Professional/job/Remote/Manager-Advisory-Services_R0008381,c37a57cdee6a
2026-10-04,2026-09-08,41,description,47,3,PhD,,Medpace,Senior Project Manager - Imaging,"Cincinnati, Ohio",Cincinnati area,Senior,Project and Program,careers,https://careers.medpace.com/jobs/11972,e7fa6389a708
2026-10-04,2026-09-08,41,description,47,,,,Medpace,Oncology Project Manager,"Cincinnati, Ohio",Cincinnati area,,Project and Program,careers,https://careers.medpace.com/jobs/12530,451ad862c07e
2026-10-04,2026-09-08,41,description,42,,,,Medpace,Neuroimaging Project Manager,"Cincinnati, Ohio",Cincinnati area,,Project and Program,careers,https://careers.medpace.com/jobs/11970,759846f99412
2026-10-04,2026-09-08,42,description,55,3,Bachelor's; Master's,,Medpace,Imaging Project Manager,"Cincinnati, Ohio",Cincinnati area,,Project and Program,careers,https://careers.medpace.com/jobs/11969,1370c41db3d4
2026-10-04,2026-09-08,29,description,43,,Bachelor's; Master's; PhD,,Medpace,Imaging Project Coordinator - Master's/PhD,"Cincinnati, Ohio",Cincinnati area,Entry,Project and Program,careers,https://careers.medpace.com/jobs/11974,e89ba2817828
2026-10-04,2026-09-08,34,description,62,,Bachelor's,,Medpace,Entry-Level Business Analyst - Software Development,"Cincinnati, Ohio",Cincinnati area,Entry,Data and Analytics,careers,https://careers.medpace.com/jobs/12450,d891b9aac9ab
2026-10-04,2026-09-08,30,description,54,2,,,Medpace,Business Analyst – Software Development,"Cincinnati, Ohio",Cincinnati area,,Data and Analytics,careers,https://careers.medpace.com/jobs/12449,e5a37dacdd39
2026-10-04,2026-09-08,52,description,51,,,,Datavant,Health Information Specialist I,Remote - Alabama,Remote,Entry,Health Information,careers,https://www.datavant.com/about/careers/open-roles/job?gh_jid=5398418008,9ed0bc475d7c
2026-10-04,2026-09-08,53,description,84,7,Bachelor's; Master's,,CVS Health,Senior Manager- Epic EHR Development Lead Software Development,Work At Home-Rhode Island; Work At Home-Idaho; Work At Home-Arkansas; Work At Home-Vermont; Work At Home-Georgia; Work At Home-Texas; Work At Home-Minnesota; Work At Home-New Mexico; Work At Home-Montana; Work At Home-Iowa; Work At Home-Michigan; Work At Home-California; Work At Home-Oregon; Work At Home-Maine; Work At Home-Wisconsin; Work At Home-Washington; Work At Home-New York; Work At Home-North Dakota; Work At Home-District of Columbia; Work At Home-Kansas; Work At Home-New Jersey; Work At Home-Nebraska; Work At Home-Indiana; Work At Home-Connecticut; Work At Home-Nevada; Work At Home-Louisiana; Work At Home-Kentucky; Work At Home-Tennessee; Work At Home-Mississippi; Work At Home-Ohio; Work At Home-Oklahoma; Work At Home-West Virginia; Work At Home-Massachusetts; Work At Home-Maryland; Work At Home-South Carolina; Work At Home-Alabama; Work At Home-Missouri; Work At Home - Utah; Work At Home-Arizona; Work At Home-Virginia; Work At Home-South Dakota; Work At Home-Illinois; Work At Home-North Carolina; Work At Home-Florida; Work At Home-Pennsylvania; Work At Home-New Hampshire; Work At Home-Wyoming; Work At Home-Delaware; Remote,Remote,Senior,Health Information,careers,https://cvshealth.wd1.myworkdayjobs.com/CVS_Health_Careers/job/Work-At-Home-Rhode-Island/Senior-Manager--Epic-EHR-Development-Lead-Software-Development_R1029205,51946ba0fc86
2026-10-04,2026-09-08,32,description,40,5,Bachelor's; Master's,,Bon Secours Mercy Health,Sourcing Program Manager - Work at Home,Work at Home - Any State,Remote,,Project and Program,careers,https://easyservice.wd5.myworkdayjobs.com/BonSecoursMercyHealthCareers/job/Work-at-Home---Any-State/Sourcing-Program-Manager---Work-at-Home---Georgia_R285165-1,af3f9bb690b3
2026-10-04,2026-09-08,50,description,39,1,,,Bon Secours,340B Auditor,Work at Home - Ohio; Work at Home - Kentucky - CST; Work at Home - Virginia; Work at Home - Kentucky - EST,Remote,,Compliance and Quality,careers,https://easyservice.wd5.myworkdayjobs.com/BonSecoursCareers/job/Work-at-Home---Ohio/XMLNAME-340B-Auditor_R285572,14f320255b4f
2026-10-04,2026-09-04,46,description,64,2,,,Savista,Billing Specialist 2,Remote - USA,Remote,,Revenue Cycle,careers,https://savista.wd1.myworkdayjobs.com/Savista/job/Remote---USA/Billing-Specialist-2_R6042-1,afdb4b5b1c94
2026-10-04,2026-09-04,57,description,52,,Bachelor's,,Medpace,Commercial Financial Analyst,"Cincinnati, Ohio",Cincinnati area,,Revenue Cycle; Data and Analytics,careers,https://careers.medpace.com/jobs/12215,b3eced2a2861
2026-10-04,2026-09-04,46,description,35,1,,CRCR,Ensemble Health Partners,Patient Access Associate Specialist,"Fairborn, OH; Mercy - Dayton Springfield Emergency Center",Dayton area,Entry,Patient Services,careers,https://ensemblehp.wd5.myworkdayjobs.com/ensemblehealthpartnerscareers/job/Fairborn-OH/Patient-Access-Associate-Specialist_R050739,a910c296b7ff
2026-10-04,2026-09-04,53,description,46,3,Bachelor's,,Cincinnati Children's,Pulmonary Program Manager,"Burnet Campus, Cincinnati, OH",Cincinnati area,,Project and Program,careers,https://cincinnatichildrens.wd5.myworkdayjobs.com/careersatcincinnatichildrens/job/Burnet-Campus/Pulmonary-Program-Manager_JR224910,a52517dc21bc
2026-10-04,2026-09-02,52,description,26,10,Bachelor's,,Lifepoint Health,Senior Meditech HIM Analyst - Remote,"Brentwood, TN, United States; Remote",Remote,Senior,Health Information; Data and Analytics,careers,https://ibnjjb.fa.ocs.oraclecloud.com/hcmUI/CandidateExperience/en/sites/CX_1/job/354824,fdd7a287fafd
2026-10-04,2026-09-02,55,description,42,5,Bachelor's,,Inovalon,Senior Project Manager,REMOTE - US,Remote,Senior,Project and Program,careers,https://jobs.ashbyhq.com/inovalon/53bb53b4-e251-4fbc-b37c-f486c99055de,b3a95f0f574f
2026-10-04,2026-09-02,55,description,42,5,Bachelor's,,Inovalon,Senior Project Manager,Canonsburg; Remote,Remote,Senior,Project and Program,careers,https://jobs.ashbyhq.com/inovalon/35c8f6d2-19ca-4e13-aad4-5cdfad275aa0,416662861de0
2026-10-04,2026-09-01,40,description,51,3,Bachelor's,,Inovalon,Senior Financial Analyst,REMOTE - US,Remote,Senior,Revenue Cycle; Data and Analytics,careers,https://jobs.ashbyhq.com/inovalon/2b8fd32f-9e1a-4dba-9264-78071b98756c,f018a3297f62
2026-10-04,2026-08-31,55,description,94,,,,Medpace,Entry-Level Patient Concierge Coordinator,"Cincinnati, Ohio",Cincinnati area,Entry,Clinical Research; Patient Services,careers,https://careers.medpace.com/jobs/12358,54e951470c9f
2026-10-04,2026-08-31,62,description,56,5,Bachelor's; Master's,RHIA; CCS; CHDA,Inovalon,"Informatics Product Lead, RWD",REMOTE - US,Remote,Senior,Data and Analytics,careers,https://jobs.ashbyhq.com/inovalon/8aec5ec0-7a36-4502-9d1c-1086566ec890,3a6123faf8c3
2026-10-04,2026-08-31,61,description,56,7,Bachelor's; Master's,RHIA; CCS; CHDA,Inovalon,Clinical Informatics & Ontology Lead,REMOTE - US,Remote,Senior,Data and Analytics,careers,https://jobs.ashbyhq.com/inovalon/51169e5f-9de4-4160-8ee9-207858d033d0,fc3659ac51e2
2026-10-04,2026-08-31,58,description,58,5,Bachelor's; Master's,CCDS; RN,Akasa,"Clinical Database, SME - Strategy (CDI Specialist)",Remote - United States,Remote,,Clinical Documentation; Data and Analytics,careers,https://jobs.ashbyhq.com/akasa/f7238f0e-7522-408c-aec5-7028e71aa659,93c168002880
2026-10-04,2026-08-28,34,description,54,1,,,TriHealth,Clinical Quality Specialist - Hospice of Cincinnati,"Blue Ash, OH, United States",Cincinnati area,,Compliance and Quality,careers,https://fa-evly-saasfaprod1.fa.ocs.oraclecloud.com/hcmUI/CandidateExperience/en/sites/CX_1/job/311613,574162c1aa14
2026-10-04,2026-08-28,25,description,24,1,,,Premier Health,Patient Access Specialist,"Troy, OH",Dayton area,,Patient Services,careers,https://premierhealth.eightfold.ai/careers/job/790316465531,bd7cd75d4a1b
2026-10-04,2026-08-28,37,description,59,3,Bachelor's,,Datavant,Digital Program Manager,Remote - United States,Remote,,Project and Program,careers,https://www.datavant.com/about/careers/open-roles/job?gh_jid=5389556008,4d037058c5cf
2026-10-04,2026-08-27,29,description,28,1,,,Premier Health,Patient Access Specialist,"Middletown, OH",Cincinnati area,,Patient Services,careers,https://premierhealth.eightfold.ai/careers/job/790318183666,04f10a49f2dc
2026-10-04,2026-08-26,58,description,52,,,,TriHealth,Prior Authorization and Medical Records Coordinator- Outpatient Behavioral Health,"Cincinnati, OH, United States",Cincinnati area,Entry,Health Information; Revenue Cycle,careers,https://fa-evly-saasfaprod1.fa.ocs.oraclecloud.com/hcmUI/CandidateExperience/en/sites/CX_1/job/311724,04da90a1bb17
2026-10-04,2026-08-26,37,description,56,,PhD,,Medpace,Associate Clinical Trial Manager - PhD - Postdoctoral - Ophthalmology - Cincinnati,"Cincinnati, Ohio",Cincinnati area,Senior,Clinical Research,careers,https://careers.medpace.com/jobs/12023,9cb0478ee40e
2026-10-04,2026-08-26,36,description,52,,PhD,,Medpace,"Associate Clinical Trial Manager - PhD - Oncology, Hematology, Radiopharm","Cincinnati, Ohio",Cincinnati area,Senior,Clinical Research,careers,https://careers.medpace.com/jobs/12003,575c0890e007
2026-10-04,2026-08-25,37,description,68,3,Bachelor's,,UC Health,"Sr Revenue Cycle Analyst, First Shift, Full Time","Cincinnati, OH, United States",Cincinnati area,Senior,Revenue Cycle; Data and Analytics,careers,https://eswt.fa.us6.oraclecloud.com/hcmUI/CandidateExperience/en/sites/CX_1001/job/22712,a2e0058e3c4d
2026-10-04,2026-08-25,36,description,7,3,,,UC Health,"Patient Accounting Representative, Patient Finance Services, Full Time, First Shift","Cincinnati, OH, United States",Cincinnati area,Entry,Patient Services,careers,https://eswt.fa.us6.oraclecloud.com/hcmUI/CandidateExperience/en/sites/CX_1001/job/24203,dc25286b9dbd
2026-10-04,2026-08-25,36,description,6,3,,,UC Health,"Patient Accounting Representative, Patient Finance Services, Full Time, First Shift","Cincinnati, OH, United States",Cincinnati area,Entry,Patient Services,careers,https://eswt.fa.us6.oraclecloud.com/hcmUI/CandidateExperience/en/sites/CX_1001/job/24204,79483101665d
2026-10-04,2026-08-21,33,description,53,1,,,The Christ Hospital,Customer Service and Billing Coordinator- Immediate Response Lab- Full Time- Days,"Cincinnati, OH",Cincinnati area,Entry,Revenue Cycle,careers,https://fa-etxt-saasfaprod1.fa.ocs.oraclecloud.com/hcmUI/CandidateExperience/en/sites/CX_5/job/14774,fea668512e18
2026-10-04,2026-08-21,29,description,27,1,,,Premier Health,Patient Access Specialist,"Centerville, OH",Dayton area,,Patient Services,careers,https://premierhealth.eightfold.ai/careers/job/790318033222,366243268100
2026-10-04,2026-08-21,45,description,54,,Bachelor's,,Henry Schein,Senior Specialist Quality & Regulatory Affairs EMEA,Remote,Remote,Senior,Clinical Research; Compliance and Quality,muse,https://www.themuse.com/jobs/henryschein/senior-specialist-quality-regulatory-affairs-emea,5cefa52491cd
2026-10-04,2026-08-20,65,description,54,2,,CDIP; CCDS; RN,UASI,Clinical Documentation Integrity Specialist,Remote,Remote,,Clinical Documentation,careers,https://job-boards.greenhouse.io/uasi/jobs/5397068008,c64ef012f388
2026-10-04,2026-08-20,50,description,49,,Bachelor's,,Medpace,Quality Assurance (QA) Associate,"Cincinnati, Ohio",Cincinnati area,Entry,Compliance and Quality,careers,https://careers.medpace.com/jobs/12372,522e238d1deb
2026-10-04,2026-08-20,27,description,34,,Bachelor's,,Medpace,Entry-Level Financial Analyst - Revenue,"Cincinnati, Ohio",Cincinnati area,Entry,Revenue Cycle; Data and Analytics,careers,https://careers.medpace.com/jobs/12954,50398b0ae4a1
2026-10-04,2026-08-19,51,description,65,3,Bachelor's; Master's,RN,The Christ Hospital,Care Innovation & Transformation Specialist - Main Performance Improvement - Full Time - Days,"Cincinnati, OH",Cincinnati area,,Compliance and Quality,careers,https://fa-etxt-saasfaprod1.fa.ocs.oraclecloud.com/hcmUI/CandidateExperience/en/sites/CX_5/job/14767,1e38295537eb
2026-10-04,2026-08-14,80,description,50,2,,RHIA; RHIT; CCS; RN,Tenet Healthcare,Clinical Documentation Specialist II,"Phoenix, AZ, United States; Remote",Remote,,Clinical Documentation,careers,https://eodr.fa.us2.oraclecloud.com/hcmUI/CandidateExperience/en/sites/CX_1001/job/2603019939,3231abda0bd4
2026-10-04,2026-08-06,50,description,61,,,,Veeva Systems,Small to Midsize Strategy Leader - Clinical Data,North Carolina - Raleigh; Remote,Remote,,Data and Analytics,careers,https://jobs.lever.co/veeva/186ad949-4469-4bb0-9a47-d37dad98a9b2,fff212990157
2026-10-04,2026-08-06,50,description,61,,,,Veeva Systems,Small to Midsize Strategy Leader - Clinical Data,Massachusetts - Boston; Remote,Remote,,Data and Analytics,careers,https://jobs.lever.co/veeva/68d87910-71b9-4107-be26-8ef54c6aa6b7,8459ea3e2dba
2026-10-04,2026-08-06,50,description,61,,,,Veeva Systems,Small to Midsize Strategy Leader - Clinical Data,Massachusetts - Boston; Remote,Remote,,Data and Analytics,careers,https://jobs.lever.co/veeva/9146ca4d-3d63-44a0-a503-b6e141f8a5b0,df974399cdeb
2026-10-04,2026-08-06,36,description,50,,Bachelor's,,Medpace,Early Career Clinical Research Opportunities,"Cincinnati, Ohio",Cincinnati area,,Clinical Research,careers,https://careers.medpace.com/jobs/12918,50e92a7f2faf
2026-10-04,2026-08-06,34,description,49,2,Bachelor's,,Medpace,Internal Auditor,"Cincinnati, Ohio",Cincinnati area,,Compliance and Quality,careers,https://careers.medpace.com/jobs/12694,42a74de05ce9
2026-10-04,2026-08-04,50,description,42,3,Bachelor's; Master's,RN,The Christ Hospital,Accreditation Specialist - Main Accreditation - Full Time - Days,"Cincinnati, OH",Cincinnati area,,Compliance and Quality,careers,https://fa-etxt-saasfaprod1.fa.ocs.oraclecloud.com/hcmUI/CandidateExperience/en/sites/CX_5/job/14587,e528e8e50a6a
2026-10-04,2026-08-03,67,description,36,2,,CDIP; CCDS; RN,UASI,Clinical Documentation Integrity Manager (Outpatient),Remote,Remote,Senior,Clinical Documentation,careers,https://job-boards.greenhouse.io/uasi/jobs/5378404008,b03f1a05a892
2026-10-04,2026-08-03,49,description,36,1,,,The Christ Hospital,Patient Access Coordinator - Main Hospital - Part Time - Days,"Cincinnati, OH",Cincinnati area,Entry,Patient Services,careers,https://fa-etxt-saasfaprod1.fa.ocs.oraclecloud.com/hcmUI/CandidateExperience/en/sites/CX_5/job/14555,f3cf3d946328
2026-10-04,2026-07-31,73,description,47,2,,CDIP; CCDS; RN,UASI,Outpatient Clinical Documentation Improvement (CDI) Specialist,Remote,Remote,,Clinical Documentation,careers,https://job-boards.greenhouse.io/uasi/jobs/5376256008,ce26abcb6173
2026-10-04,2026-07-29,39,description,30,,,,Akasa,Sr. Technical Program Manager,South San Francisco; Remote,Remote,Senior,Project and Program,careers,https://jobs.ashbyhq.com/akasa/cc067ab4-76bd-4450-9f63-ab1348f045b2,7da3e6d6bad5
2026-10-04,2026-07-27,31,description,23,4,,,PwC,Global Tax Risk Management- Manager,"Atlanta, GA; Austin, TX; Charlotte, NC; Cincinnati, OH; Columbia, SC; Columbus, OH; Dallas, TX; Detroit, MI; Grand Rapids, MI; Greensboro, NC; Houston, TX; Indianapolis, IN; Jacksonville, FL; Miami, FL; Nashville, TN; Orlando, FL; Pittsburgh, PA; Raleigh, NC; Richmond, VA; San Antonio, TX; Spartanburg, SC; Tampa, FL",Cincinnati area,Senior,Compliance and Quality,muse,https://www.themuse.com/jobs/pwc/global-tax-risk-management-manager,2775dc6634f9
2026-10-04,2026-07-27,27,description,28,2,,,PwC,National Tax Services - Tax R&Q Technology Risk Management - Senior Associate,"Albany, NY; Atlanta, GA; Austin, TX; Baltimore, MD; Birmingham, AL; Boston, MA; Buffalo, NY; Charlotte, NC; Chicago, IL; Cincinnati, OH; Cleveland, OH; Columbia, SC; Columbus, OH; Dallas, TX; Darien, CT; Denver, CO; Des Moines, IA; Detroit, MI; Fayetteville, AR; Florham Park, NJ; Fort Worth, TX; Grand Rapids, MI; Greensboro, NC; Hartford, CT; Houston, TX; Indianapolis, IN; Irvine, CA; Jacksonville, FL; Kansas City, MO; Las Vegas, NV; Little Rock, AR; Los Angeles, CA; Louisville, KY; Melville, NY; Miami, FL; Milwaukee, WI; Minneapolis, MN; Nashville, TN; New Orleans, LA; New York, NY; Oklahoma City, OK; Philadelphia, PA; Phoenix, AZ; Pittsburgh, PA; Portland, OR; Raleigh, NC; Richmond, VA; Rochester, MA; Rosemont, IL; Sacramento, CA; Salt Lake City, UT; San Antonio, TX; San Diego, CA; San Francisco, CA; Seattle, WA; Silicon Valley, CA; Spartanburg, SC; St. Louis, MO; Tampa, FL; Toledo, OH; Tulsa, OK; Washington, DC; Waterbury, VT",Cincinnati area,Senior,Compliance and Quality,muse,https://www.themuse.com/jobs/pwc/national-tax-services-tax-rq-technology-risk-management-senior-associate,abbc629f9ff3
2026-10-04,2026-07-22,31,description,43,4,,,Veeva Systems,Senior Health Data Analyst - Compass,Massachusetts - Boston; Remote,Remote,Senior,Data and Analytics,careers,https://jobs.lever.co/veeva/303627d5-880e-49a9-a335-7fa88826952d,690c3fd0f22b
2026-10-04,2026-07-22,31,description,43,4,,,Veeva Systems,Senior Health Data Analyst - Compass,Massachusetts - Boston; Remote,Remote,Senior,Data and Analytics,careers,https://jobs.lever.co/veeva/7ed9968e-4c73-48c3-a5a6-21c2ff4ea236,1c7fc7e4ef7c
2026-10-04,2026-07-22,31,description,43,4,,,Veeva Systems,Senior Health Data Analyst - Compass,New York - New York City; Remote,Remote,Senior,Data and Analytics,careers,https://jobs.lever.co/veeva/ffe5227a-d8f6-457b-b58f-516cf3fd4073,2edba13ca390
2026-10-04,2026-07-21,44,description,31,3,Bachelor's; Master's,,Tenet Healthcare,Compliance Officer - USPI Western Territory,United States; Remote,Remote,,Compliance and Quality,careers,https://eodr.fa.us2.oraclecloud.com/hcmUI/CandidateExperience/en/sites/CX_1001/job/2603017890,cca7d2f3656a
2026-10-04,2026-07-17,36,description,52,,PhD,,Medpace,"Associate Clinical Trial Manager - PhD / Post-Doc Experience - Cincinnati, OH","Cincinnati, Ohio",Cincinnati area,Senior,Clinical Research,careers,https://careers.medpace.com/jobs/12004,9263d9e6a5b5
2026-10-04,2026-07-17,44,description,71,,Bachelor's,,Medpace,"Clinical Trial Project Manager - Cardiovascular, Renal, Gastrointestinal - Cincinnati","Cincinnati, Ohio",Cincinnati area,,Clinical Research; Project and Program,careers,https://careers.medpace.com/jobs/12077,93c87039dbd3
2026-10-04,2026-07-17,44,description,71,,Bachelor's,,Medpace,"Clinical Trial Project Manager - Cincinnati, OH","Cincinnati, Ohio",Cincinnati area,,Clinical Research; Project and Program,careers,https://careers.medpace.com/jobs/12031,7c9ccb292df0
2026-10-04,2026-07-17,37,description,55,,PhD,,Medpace,Associate Clinical Trial Manager - PhD - Gastrointestinal (GI) - Cincinnati,"Cincinnati, Ohio",Cincinnati area,Senior,Clinical Research,careers,https://careers.medpace.com/jobs/12016,6563b538f909
2026-10-04,2026-07-17,37,description,55,,PhD,,Medpace,Associate Clinical Trial Manager - PhD - Cardiovascular - Cincinnati,"Cincinnati, Ohio",Cincinnati area,Senior,Clinical Research,careers,https://careers.medpace.com/jobs/12013,fadbecdc2beb
2026-10-04,2026-07-17,37,description,56,,PhD,,Medpace,"Associate Clinical Trial Manager - PhD - Postdoctoral - Nephrology, Renal - Cincinnati","Cincinnati, Ohio",Cincinnati area,Senior,Clinical Research,careers,https://careers.medpace.com/jobs/12010,6b5aa9a969e7
2026-10-04,2026-07-17,36,description,52,,PhD,,Medpace,Associate Clinical Trial Manager - PhD - Metabolic - Cincinnati,"Cincinnati, Ohio",Cincinnati area,Senior,Clinical Research,careers,https://careers.medpace.com/jobs/12001,0d2fb69fd0aa
2026-10-04,2026-07-16,41,description,31,4,Bachelor's,,Veeva Systems,Senior Health Data Operations Analyst - Compass,Massachusetts - Boston; Remote,Remote,Senior,Data and Analytics,careers,https://jobs.lever.co/veeva/a68199f0-9061-420b-8479-255f199905d3,7f9a40f8b7ae
2026-10-04,2026-07-16,41,description,31,4,Bachelor's,,Veeva Systems,Senior Health Data Operations Analyst - Compass,New York - New York City; Remote,Remote,Senior,Data and Analytics,careers,https://jobs.lever.co/veeva/bd588bcb-bffd-4f29-b869-0d8c53e8f706,58dea4245f5c
2026-10-04,2026-07-16,41,description,31,4,Bachelor's,,Veeva Systems,Senior Health Data Operations Analyst - Compass,Massachusetts - Boston; Remote,Remote,Senior,Data and Analytics,careers,https://jobs.lever.co/veeva/f5e7b7ee-5d61-46c4-a16d-57916c1e9119,87e6808149d3
2026-10-04,2026-07-16,44,description,54,,,,Medpace,eClinical Project Manager,"Cincinnati, Ohio",Cincinnati area,,Project and Program,careers,https://careers.medpace.com/jobs/12460,efd2cfffe837
2026-10-04,2026-07-16,28,description,49,1,Bachelor's,RN,Medpace,Clinical Data Review Associate - Oncology/Hematology,"Cincinnati, Ohio",Cincinnati area,Entry,Data and Analytics,careers,https://careers.medpace.com/jobs/12463,e6dbd8815f8a
2026-10-04,2026-07-16,28,description,64,,Bachelor's,,Medpace,Clinical Data Coordinator - Entry Level - Mathematics Degree,"Cincinnati, Ohio",Cincinnati area,Entry,Data and Analytics,careers,https://careers.medpace.com/jobs/12466,b457521d63db
2026-10-04,2026-07-16,28,description,64,,Bachelor's; PhD,,Medpace,Clinical Data Coordinator (PhD/PharmD),"Cincinnati, Ohio",Cincinnati area,Entry,Data and Analytics,careers,https://careers.medpace.com/jobs/12465,c3c01467d7c8
2026-10-04,2026-07-16,28,description,49,1,Bachelor's,RN,Medpace,Clinical Data Review Associate - Infectious Disease/Renal/Rare Disease,"Cincinnati, Ohio",Cincinnati area,Entry,Data and Analytics,careers,https://careers.medpace.com/jobs/12464,a160afab9851
2026-10-04,2026-07-16,28,description,64,,Bachelor's,,Medpace,Clinical Data Coordinator - Entry Level - Chemistry Degree,"Cincinnati, Ohio",Cincinnati area,Entry,Data and Analytics,careers,https://careers.medpace.com/jobs/12467,eb648c5017d5
2026-10-04,2026-07-16,28,description,64,,Bachelor's,,Medpace,Clinical Data Coordinator - Entry Level - Biology Degree,"Cincinnati, Ohio",Cincinnati area,Entry,Data and Analytics,careers,https://careers.medpace.com/jobs/12468,a9f3c1d3b40d
2026-10-04,2026-07-16,28,description,65,,Bachelor's,,Medpace,Clinical Data Coordinator - Entry Level,"Cincinnati, Ohio",Cincinnati area,Entry,Data and Analytics,careers,https://careers.medpace.com/jobs/12469,6394a8f26730
2026-10-04,2026-07-10,80,description,51,5,,RN,UASI,Clinical Denials and Appeals Specialist,Remote,Remote,,Revenue Cycle,careers,https://job-boards.greenhouse.io/uasi/jobs/5322973008,1d7f42323c8b
2026-10-04,2026-07-10,28,description,27,6,Bachelor's,,The Christ Hospital,Construction Project Manager - Main Facilities and Construction - Full Time - Days,"Cincinnati, OH",Cincinnati area,,Project and Program,careers,https://fa-etxt-saasfaprod1.fa.ocs.oraclecloud.com/hcmUI/CandidateExperience/en/sites/CX_5/job/14391,7ea0e4771a25
2026-10-04,2026-07-09,41,description,40,3,Master's,,The Christ Hospital,Safety Operations Specialist - Main Safety Operations - Full Time - Days,"Cincinnati, OH",Cincinnati area,,,careers,https://fa-etxt-saasfaprod1.fa.ocs.oraclecloud.com/hcmUI/CandidateExperience/en/sites/CX_5/job/14340,ad6460f32404
2026-10-04,2026-07-02,49,description,36,1,,,The Christ Hospital,Patient Access Coordinator - Mt. Auburn - Part Time - Days,"Cincinnati, OH",Cincinnati area,Entry,Patient Services,careers,https://fa-etxt-saasfaprod1.fa.ocs.oraclecloud.com/hcmUI/CandidateExperience/en/sites/CX_5/job/14304,abbb6ef1bf05
2026-10-04,2026-06-30,47,description,50,1,,,Oscar Health,Credentialing Specialist,Remote,Remote,,Compliance and Quality,careers,https://job-boards.greenhouse.io/oscar/jobs/8030869,b4851a4b076a
2026-10-04,2026-06-30,42,description,62,3,Bachelor's,,Datavant,Sr. Marketing Program Manager,Remote - United States,Remote,Senior,Project and Program,careers,https://www.datavant.com/about/careers/open-roles/job?gh_jid=5282423008,bd3a75703cf0
2026-10-04,2026-06-26,63,description,24,2,,CDIP; CCDS; RN,UASI,CDI Auditor,Remote,Remote,,Clinical Documentation; Compliance and Quality,careers,https://job-boards.greenhouse.io/uasi/jobs/5283608008,77c74116f6b4
2026-10-04,2026-06-26,65,description,54,2,,CDIP; CCDS; RN,UASI,Clinical Documentation Improvement Specialist,Remote,Remote,,Clinical Documentation,careers,https://job-boards.greenhouse.io/uasi/jobs/5283607008,491c1f63ffdc
2026-10-04,2026-06-25,81,description,36,10,Bachelor's; Master's,,The Christ Hospital,"Senior Manager, Hospital and Professional Chargemaster - CBO Patient Financial Services - Full Time - Days","Cincinnati, OH",Cincinnati area,Senior,Revenue Cycle; Patient Services,careers,https://fa-etxt-saasfaprod1.fa.ocs.oraclecloud.com/hcmUI/CandidateExperience/en/sites/CX_5/job/13617,49933600e416
2026-10-04,2026-06-18,29,description,26,1,,,Premier Health,Patient Access Specialist,"Troy, OH",Dayton area,,Patient Services,careers,https://premierhealth.eightfold.ai/careers/job/790315706878,eed5991f4892
2026-10-04,2026-06-18,26,description,41,2,,,Oscar Health,"Program Lead, Payor Connections/Interoperability",Remote,Remote,Senior,Project and Program,careers,https://job-boards.greenhouse.io/oscar/jobs/7967703,bbb03a1e9071
2026-10-04,2026-06-17,44,description,21,3,,,Premier Health,Patient Financial Advocate- Hybrid,"Centerville, OH",Dayton area,,Revenue Cycle; Patient Services,careers,https://premierhealth.eightfold.ai/careers/job/790315937595,3f659d5e86b3
2026-10-04,2026-06-16,39,description,64,3,Bachelor's,,UC Health,Clinical Operations Manager - Pulmonary and Sleep Medicine,"Cincinnati, OH, United States",Cincinnati area,Senior,Clinical Research,careers,https://eswt.fa.us6.oraclecloud.com/hcmUI/CandidateExperience/en/sites/CX_1001/job/23284,2b106af1feed
2026-10-04,2026-06-06,35,description,50,5,,,Clover Health,"Data Analyst, Clinical Data Effectiveness",Remote - USA,Remote,,Data and Analytics,careers,https://job-boards.greenhouse.io/cloverhealth/jobs/7985986,68b2b807f35f
2026-10-04,2026-06-02,25,description,52,2,Master's,RN,UC Health,Magnet Program Manager,"Cincinnati, OH",Cincinnati area,,Project and Program,careers,https://eswt.fa.us6.oraclecloud.com/hcmUI/CandidateExperience/en/sites/CX_1001/job/22978,4a8bd3e4fddd
2026-10-04,2026-06-02,49,description,36,1,,,The Christ Hospital,Patient Access Coordinator - Liberty Admitting and Reg - Part Time - Evenings,"Cincinnati, OH",Cincinnati area,Entry,Patient Services,careers,https://fa-etxt-saasfaprod1.fa.ocs.oraclecloud.com/hcmUI/CandidateExperience/en/sites/CX_5/job/14082,8da823ab8a5d
2026-10-04,2026-04-22,53,description,60,,Bachelor's; PhD,,Medpace,Clinical Research Associate - Entry (Home-Based),Thailand; Remote,Remote,Entry,Clinical Research,careers,https://careers.medpace.com/jobs/12696,6307e1b83777
2026-10-04,2026-04-22,51,description,53,2,Bachelor's,,Medpace,Experienced Clinical Research Associate (Home-Based),Thailand; Remote,Remote,Entry,Clinical Research,careers,https://careers.medpace.com/jobs/11907,c5eabbc62d5a
2026-10-04,2026-04-22,52,description,56,,Bachelor's,,Medpace,Clinical Research Associate - Entry (Home-Based),"Auckland, New Zealand; Remote",Remote,Entry,Clinical Research,careers,https://careers.medpace.com/jobs/12471,2a373769c218
2026-10-04,2026-04-22,52,description,57,2,Bachelor's,,Medpace,Experienced Clinical Research Associate (Home-Based),"Auckland, New Zealand; Remote",Remote,Entry,Clinical Research,careers,https://careers.medpace.com/jobs/12320,f985b946b6c1
2026-10-04,2026-04-21,34,description,35,3,Bachelor's,,Veeva Systems,Product Marketing Manager / Senior Manager - Clinical Operations,Illinois - Chicago; Remote,Remote,Senior,Clinical Research,careers,https://jobs.lever.co/veeva/0b3c9ec0-86f3-4a84-9f7b-df27921e5635,2d37b5742446
2026-10-04,2026-04-21,34,description,35,3,Bachelor's,,Veeva Systems,Product Marketing Manager / Senior Manager - Clinical Operations,United States; Remote,Remote,Senior,Clinical Research,careers,https://jobs.lever.co/veeva/fa878846-7426-44d5-bd1a-129a8aaeb392,0dbacb92816f
2026-10-04,2026-04-20,34,description,35,3,Bachelor's,,Veeva Systems,Product Marketing Manager / Senior Manager - Clinical Operations,New York - New York City; Remote,Remote,Senior,Clinical Research,careers,https://jobs.lever.co/veeva/9533cdfe-5383-427b-affa-2ffe03598250,084609d4e402
2026-10-04,2026-04-20,44,description,71,,Bachelor's,,Medpace,Clinical Trial Project Manager - Oncology/Hematology,"Cincinnati, Ohio",Cincinnati area,,Clinical Research; Project and Program,careers,https://careers.medpace.com/jobs/12007,329caecccab8
2026-10-04,2026-04-13,44,description,71,,Bachelor's,,Medpace,Clinical Trial Project Manager - Ophthalmology - Cincinnati,"Cincinnati, Ohio",Cincinnati area,,Clinical Research; Project and Program,careers,https://careers.medpace.com/jobs/12110,50db3c7a83e8
2026-10-04,2026-04-13,44,description,71,,Bachelor's,,Medpace,Clinical Trial Project Manager - Neuroscience - Cincinnati,"Cincinnati, Ohio",Cincinnati area,,Clinical Research; Project and Program,careers,https://careers.medpace.com/jobs/12101,4c84a1edb43d
2026-10-04,2026-02-18,32,description,34,3,,,Premier Health,Medical Billing Specialist Ii-,"Moraine, OH",Dayton area,,Revenue Cycle,careers,https://premierhealth.eightfold.ai/careers/job/790313995727,1f9f6a077d77
2026-10-04,2026-01-29,32,description,34,3,,,Premier Health,Medical Billing Specialist Ii-,"Moraine, OH",Dayton area,,Revenue Cycle,careers,https://premierhealth.eightfold.ai/careers/job/790313670347,e86ceafbb5e1
2026-10-04,2025-09-23,27,description,27,5,,,Veeva Systems,Senior Product Manager - Veeva Clinical Operations,Massachusetts - Boston; Remote,Remote,Senior,Clinical Research,careers,https://jobs.lever.co/veeva/33ce3fbf-5a11-4abe-8462-b97940b5b2d9,bf08c2afb513
2026-10-04,2025-09-23,27,description,27,5,,,Veeva Systems,Senior Product Manager - Veeva Clinical Operations,Massachusetts - Boston; Remote,Remote,Senior,Clinical Research,careers,https://jobs.lever.co/veeva/b1df475b-f204-401d-b348-b7e28bb5b3d0,8f50360d5790
2026-10-04,2025-09-23,27,description,27,5,,,Veeva Systems,Senior Product Manager - Veeva Clinical Operations,New York - New York City; Remote,Remote,Senior,Clinical Research,careers,https://jobs.lever.co/veeva/f735ca00-fc97-4ee8-ab3f-711e6e748bea,06af0dbd49ef
2026-10-04,2025-08-14,48,description,60,,,,Veeva Systems,Enterprise Strategy Leader - Clinical Data,Pennsylvania - Philadelphia; Remote,Remote,,Data and Analytics,careers,https://jobs.lever.co/veeva/0ab76b37-a615-4e88-b983-39897b806b37,cf9b0f62db48
2026-10-04,2025-08-14,48,description,60,,,,Veeva Systems,Enterprise Strategy Leader - Clinical Data,Massachusetts - Boston; Remote,Remote,,Data and Analytics,careers,https://jobs.lever.co/veeva/1a098010-e13d-4bf7-8d51-5e63fe4e6869,e4a07e189a36
2026-10-04,2025-08-14,48,description,60,,,,Veeva Systems,Enterprise Strategy Leader - Clinical Data,North Carolina - Raleigh; Remote,Remote,,Data and Analytics,careers,https://jobs.lever.co/veeva/7fea7f1d-55da-4d5e-b8fb-35f2e60c5086,166f3df48636
2026-10-04,2025-07-24,53,description,33,8,,,Aledade,"Senior Technical Product Manager (Clinical Data Platform), Remote","Remote, United States; Remote",Remote,Senior,Data and Analytics,careers,https://jobs.lever.co/aledade/567ac203-2004-4005-9ca1-6df4d4136524,9eec71a4e85e
2026-10-04,2025-06-04,53,description,67,5,Bachelor's,,Veeva Systems,Senior Health Data Informaticist - Compass,Massachusetts - Boston; Remote,Remote,Senior,Data and Analytics,careers,https://jobs.lever.co/veeva/1ca2b0ee-842f-45c4-a71e-a62e3de04c9e,11876e945a93
2026-10-04,2025-06-04,53,description,67,5,Bachelor's,,Veeva Systems,Senior Health Data Informaticist - Compass,Massachusetts - Boston; Remote,Remote,Senior,Data and Analytics,careers,https://jobs.lever.co/veeva/3dd97881-8ce1-47cb-9a79-af50fcb28aef,b1d235ae45e7
2026-10-04,2025-06-04,53,description,67,5,Bachelor's,,Veeva Systems,Senior Health Data Informaticist - Compass,New York - New York City; Remote,Remote,Senior,Data and Analytics,careers,https://jobs.lever.co/veeva/a96820de-35b3-41a9-8016-f71e461ee976,bb090181ce8a
2026-10-04,2025-05-07,50,description,67,5,,,Veeva Systems,Senior Consultant - Clinical Data Programming,North Carolina - Raleigh; Remote,Remote,Senior,Data and Analytics,careers,https://jobs.lever.co/veeva/916f0625-30a5-4f9a-b125-d8dc07cc87bc,0cb23c0070e1
2026-10-04,2024-06-17,50,description,67,5,,,Veeva Systems,Senior Consultant - Clinical Data Programming,Massachusetts - Boston; Remote,Remote,Senior,Data and Analytics,careers,https://jobs.lever.co/veeva/d0ad7473-fb3c-417f-8bb7-7aeffec974dc,39935d9bf6c4
